arabic_name,available,calc_val,category,collection,colors,description,dimensions,discount_cal,discount_percent,document_link,hidden,id,image_count,item_no,name,price_high_qty,price_low_qty,store_name,target_market,weight_calc
حامل خواتم عصري على شكل ديناصور (سوروبود) أبيض مطفي,,,Jewelry Organizer,The Prehistoric Modern Collection,"Black,White,,","Add a whimsical touch to your vanity with this Modern Matte White Sauropod Ring Holder.

Modeled after a gentle giant, this minimalist figure features an elongated neck designed to securely stack your favorite rings.

Its clean lines and smooth finish make it a stylish accent piece that functions as both a jewelry organizer and a charming decorative sculpture, perfect for holding wedding bands or everyday accessories.",52.3 * 31.32 * 83.5,20,20% Discount,https://drive.google.com/file/d/1GmeYzZ25jadH3oXa0lV494vHH-8EtdPF/view?usp=drive_link,,1.77085E+12,1,JWHLD-1225-011,Modern Matte White Sauropod Ring Holder,0.84,1.05,Valentinosaurus - Ringosaurus V2 - Ring Holder,"Accessory Enthusiasts, Professional Organizers, Apartment Dwellers, and Minimalist Decorators",13
منظم مجوهرات عصري من الحجر المرقط بمستويين,,,Jewelry Organizer,The Stone & Structure Collection,"Black,White,,","Organize your jewelry in style with this Modern Speckled Stone Dual-Tier Jewelry Organizer.

Featuring a contemporary white finish with subtle dark speckling, this stand offers two T-bars at different heights to keep necklaces tangle-free and bracelets easily accessible.
The integrated circular base tray is perfect for corralling rings and stud earrings. 

Sturdy and aesthetically pleasing, this piece serves as both a functional storage solution and a chic, industrial-inspired accent for your dressing table or retail display.",140 * 150 * 149.1,0,,https://drive.google.com/file/d/1gEzlEJqxqYltrKhNQ8rUP9yJ9ywFY5ll/view?usp=drive_link,,1.77085E+12,1,JWHLD-1225-003,Modern Speckled Stone Dual-Tier Jewelry Organizer,6.9,6.9,"Jewelry Organizer - Necklace, Bracelet, Ring Stand","Accessory Enthusiasts, Professional Organizers, Apartment Dwellers, and Minimalist Decorators",137
منظم مجوهرات على شكل شجرة منحوتة مع قاعدة بـدُرج,,,Jewelry Organizer,The Botanical Storage Collection,"Black,White,,","Bring a touch of organic elegance to your vanity with this Sculpted Tree Jewelry Organizer.

Modeled with intricate branching limbs, it provides ample hanging space to keep necklaces, bracelets, and earrings tangle- free while showcasing them like art.

The sturdy base enhances functionality with two compact pull-out drawers, perfect for concealing rings, studs, or delicate keepsakes.

Finished with a modern speckled texture, this piece effortlessly blends whimsical nature-inspired design with practical, clutter-free storage.",121 * 184.5 * 241,0,,https://drive.google.com/file/d/1tVjZeA9mwUhSZY2-ADTcQUjzbnyQhpJE/view?usp=drive_link,,1.77085E+12,1,JWHLD-1225-005,Sculpted Tree Jewelry Organizer with Drawer Base,7.44,7.44,Jewelry Tree Stand - Elegant Organizer with Drawer,"Accessory Enthusiasts, Professional Organizers, Apartment Dwellers, and Minimalist Decorators",185
طبق وحامل خواتم بتصميم ديناصور طويل العنق مرح,,,Jewelry Organizer,The Prehistoric Modern Collection,"Black,White,,","Add a playful touch to your dresser with this Whimsical Long-Neck Dinosaur Ring Holder Dish.

Crafted in a sleek matte black finish, this adorable sauropod features a long neck designed to securely stack your favorite rings, while the integrated base tray keeps necklaces, earrings, and bracelets organized.

It is the perfect blend of fun and function, making it a delightful accent piece for any bedside table or bathroom vanity.",88.3 * 88.3 * 86.1,20,20% Discount,Ringosaurus Ring Holder with Tray,,1.77085E+12,1,JWHLD-1225-007,Whimsical Long-Neck Dinosaur Ring Holder Dish,1.98,2.475,Ringosaurus Ring Holder with Tray,"Accessory Enthusiasts, Professional Organizers, Apartment Dwellers, and Minimalist Decorators",32
حامل عرض خواتم على شكل يد بتصميم هندسي مضلع,,,Jewelry Organizer,The Modern Facets Collection,"Black,White,,","Elevate your vanity with this striking Geometric Low-Poly Hand Ring Display Stand. Crafted with a sleek, faceted design, this white sculptural piece functions as both a practical jewelry organizer and a modern art accent.

Its distinct geometric planes catch the light beautifully, while the slender fingers provide secure, accessible storage for multiple rings.

Perfect for showcasing wedding bands or statement pieces, this durable stand adds a touch of contemporary elegance and minimalist sophistication to any dresser, nightstand, or retail counter display.",69.8 * 67.2 * 115.8,16.66666667,16.67% Discount,https://drive.google.com/file/d/1GMi0OkwisjrTWbO5vcMFLE9GzmgryYsj/view?usp=drive_link,,1.77085E+12,1,JWHLD-1225-001,Geometric Low-Poly Hand Ring Display Stand,2.2,2.64,Crystal Hand Ring Stand v2,"Accessory Enthusiasts, Professional Organizers, Apartment Dwellers, and Minimalist Decorators",43
حامل عرض قلائد منحوت بتصميم تمثال نصفي بسيط,,,Jewelry Organizer,The Timeless Silhouette Collection,"Black,White,,","Highlight your finest chains and pendants with this Minimalist Sculpted Necklace Bust Display.

Featuring a graceful, elongated neck design in a matte white finish, this stand offers a clean, distraction-free background that makes gold and silver jewelry pop. 

Its balanced structure ensures stability on any counter or vanity, while the smooth curvature allows necklaces to drape naturally.
Ideal for professional retail merchandising or personal organization, this elegant bust adds museum-quality sophistication to your collection.",118.5 * 125.9 * 202.7,0,,https://drive.google.com/file/d/1OdxhJYiO23pzawAjMfANjltVmHtl1WuF/view?usp=drive_link,,1.77085E+12,1,JWHLD-1225-010,Minimalist Sculpted Necklace Bust Display,4.55,4.55,V2 Necklace Display Bust / Halsketten Büste,"Accessory Enthusiasts, Professional Organizers, Apartment Dwellers, and Minimalist Decorators",90
لوحة عرض تذكارات وفلين بتصميم خلية نحل هندسي,,,Jewelry Organizer,The Geometric Lattice Collection,"Black,White,,","Streamline your beauty station with this Geometric Honeycomb Lipstick Organizer.

Crafted with a clean white finish, this modern storage unit features a precise hexagonal grid designed to hold standard lipstick tubes securely.

Its structural design keeps your favorite shades visible and easily accessible, eliminating clutter from your vanity orn bbathroom counter while adding a chic, architectural touch to your makeup display.",60 * 160 * 141.8,0,,https://drive.google.com/file/d/1OvocGI2_ec5KjQAW3PyrrPc7qhXV6GUa/view?usp=drive_link,,1.77085E+12,1,JWHLD-1225-006,Geometric Honeycomb Cork & Keepsake Display,9.84,9.84,Lipstick Holder Organizer,"Accessory Enthusiasts, Professional Organizers, Apartment Dwellers, and Minimalist Decorators",245
صندوق تخزين مستحضرات تجميل مكعب الشكل قابل للدوران,,,Jewelry Organizer,The Kinetic,"Black,White,,","Declutter your beauty station with this Rotating Cube Cosmetic Storage Box.

Designed as a discreet, minimalist cube, this organizer features a smooth swivel mechanism that opens to expose four separate compartments.

Perfect for separating beauty sponges, cotton pads, hair accessories, or small cosmetic samples, it keeps items dust-free and hygienic when closed.

This compact, modern solution adds both kinetic style and practical efficiency to any bathroom counter or dressing table.",100 * 100 * 54.2,0,,https://drive.google.com/file/d/13pUflI9iv3JMkqJ-C_gHKpndiQOkzoPl/view?usp=drive_link,,1.77085E+12,1,JWHLD-1225-009,Rotating Cube Cosmetic Storage Box,6.55,6.55,Rotating Storage Box,"Accessory Enthusiasts, Professional Organizers, Apartment Dwellers, and Minimalist Decorators",130
منظم مجوهرات دوار (كاروسيل) متعدد الطبقات بتصميم شعاعي,,,Jewelry Organizer,Beauty Collection,"Black,White,,","Optimize your vanity space with this Radial Tiered Jewelry Carousel Organizer.

This clever cylindrical unit features a segmented top tray with radial dividers, ideal for sorting stud earrings, rings, and small findings for quick visibility.

The base is equipped with multiple smooth-gliding, curved drawers that offer concealed, dust-free storage for delicate chains or charms.

Finished in a crisp matte white, its compact, architectural design brings order and modern efficiency to your daily accessory routine.",150 * 150 * 71,0,,https://drive.google.com/file/d/1RKBP5LiJqyAWByC-YPiXCruf-RbrY2dG/view?usp=drive_link,,1.77085E+12,1,JWHLD-1225-008,Radial Tiered Jewelry Carousel Organizer,7.4,7.4,Rotating Jewelry Box with Automatic Drawer Opening,"Accessory Enthusiasts, Professional Organizers, Apartment Dwellers, and Minimalist Decorators",147
حامل سماعات رأس على شكل مانيكان منحوت بتصميم بسيط,,,Stands,The Sculptural Studio Collection,"Black,White,,","Showcase your audio gear with this Minimalist Sculpted Mannequin Headphone Stand.

Designed with a sleek, artistic human profile in a matte white finish, this display piece provides a secure and stylish resting place for over-ear headphones or VR headsets.

Its realistic contours support the headband naturally to prevent deformation, while the sturdy design keeps your workspace clutter-free. Blending utility with modern art, this stand transforms your tech setup into a sophisticated visual statement.",142.8 * 184.1 * 260,0,,https://drive.google.com/file/d/1g0u6dt7bdzNAndHfnxicmUccj0zIORuy/view?usp=drive_link,,1.77085E+12,1,JWHLD-1225-002,Minimalist Sculpted Mannequin Headphone Stand,14.68,14.68,"Human head, mannequin for headphones","Audiophiles, PC Gamers, Streamers, Modern Home Office Designers, and Accessory Enthusiasts",366
حامل نظارات منحوت بتصميم وجه جانبي تجريدي,,,Stands,The Modern Silhouette Collection,"Black,White,,","Transform your eyewear into a modern art display with this Abstract Sculpted Profile Eyeglass Stand.

Designed with sleek, flowing lines that mimic a human face in profile, this matte bwhite holder provides a secure and stylish resting place for reading glasses or sunglasses.

The nose bridge offers perfect stability, keeping your lenses safe from scratches while adding a touch of avant-garde elegance to your nightstand, desk, or entryway console.
It’s the perfect blend of artistic form and everyday function.",113.6 * 90 * 181.9,16.66666667,16.67% Discount,https://drive.google.com/file/d/1FYQZtEDbmFWJssFzNzkUrlCSUS0ovA_0/view?usp=drive_link,,1.77085E+12,1,JWHLD-1225-004,Abstract Sculpted Profile Eyeglass Stand,2.1,2.52,Face Glasses Holder,"Daily Glasses Wearers, Minimalist Interior Designers, and Art-Loving Professionals",41
فاصل تفريخ آمن للأسماك الولودة (Safe-Drop),,-1.65,Aquarium Decor & Maintenance,The Aquascape Series,"Black,Blue","Ensure the survival of your newborn fish with this Safe-Drop Livebearer Breeding Separator.


Specifically designed for live-bearing species like Guppies and Platies, this slotted insert isolates the expectant mother while allowing fry to escape safely through the honeycomb base.


The vertical vents maximize oxygen flow, creating a stress-free birthing environment.


Simply place it in a compatible reservoir to create an instant, effective hatchery that prevents predation.",110*110*65,20,20% Discount,https://drive.google.com/file/d/1tkNoc4Mwyk635et1X8130gkr_T9DnETK/view?usp=drive_link,,1.77085E+12,3,PTSTLS-1225-011,Safe-Drop Livebearer Breeding Separator,1.32,1.65,【Guppy Birthing Device】Only 20g!,Aquarium Hobbyists,22
حلقة إطعام أسماك مائية 12 مم,,-1.05,Aquarium Decor & Maintenance,The Aquascape Series,"Black,White","Upgrade your aquarium with the Aquatic 12mm Fish Feeder Ring.


Expertly designed for Aquarium Hobbyists, this high-quality accessory provides enrichment for your aquatic life while beautifying the tank.


Its durable construction ensures longevity, making it a perfect fit for any aquascape.


Dimensions: 95*132*64.


Easy to use and clean, it combines functionality with a sleek aesthetic.",95*132*64,20,20% Discount,https://drive.google.com/file/d/1uC2CzW1vR14_s_oqIYHDgEo1zo14iiTu/view?usp=drive_link,,1.77085E+12,2,PTSTLS-1225-012,Aquatic 12mm Fish Feeder Ring,0.84,1.05,12mm Fish Feeder Ring,Aquarium Hobbyists,14
خلفية ثلاثية الأبعاد واقعية (عريضة),,5.05,Aquarium Decor & Maintenance,Nature Scapes,"Black,White,,Blue","Upgrade your tank or terrarium with the Realistic 3D - Background (Wide).


Expertly designed for Aquarium & Reptile Enthusiasts, this high-quality accessory provides a realistic and engaging landscape for your pets.


Its durable construction ensures longevity, making it a perfect fit for any habitat.


Dimensions: 190*105*97.


Easy to use and clean, it combines functionality with a sleek aesthetic.",190*105*97,0,,https://drive.google.com/file/d/1xldu9ZGjwRCICMWU8I-ihIqMtHjoGr2-/view?usp=drive_link,,1.77085E+12,4,PTSTLS-1225-013,Realistic 3D - Background (Wide),5.05,5.05,3D - Background (Wide),Aquarium & Reptile Enthusiasts,101
جدار خلفي ثلاثي الأبعاد واقعي (صحراء صخرية),,5.05,Aquarium Decor & Maintenance,Nature Scapes,Black,"Upgrade your tank or terrarium with the Realistic 3D Back Wall ( Stone Desert ).


Expertly designed for Aquarium & Reptile Enthusiasts, this high-quality accessory provides a realistic and engaging landscape for your pets.


Its durable construction ensures longevity, making it a perfect fit for any habitat.


 Easy to use and clean, it combines functionality with a sleek aesthetic.",190*82*129,0,,https://drive.google.com/file/d/1_kG5fsC4-U9bxZl5y5JXade_43Ye99hU/view?usp=drive_link,,1.77085E+12,3,PTSTLS-1225-014,Realistic 3D Back Wall ( Stone Desert ),5.05,5.05,3D Back Wall ( Stone Desert ),Aquarium & Reptile Enthusiasts,101
خلفية جزئية ثلاثية الأبعاد واقعية (لوح حجري),,3.65,Aquarium Decor & Maintenance,Nature Scapes,Black,"Upgrade your tank or terrarium with the Realistic 3D Partial Background ( Stone Plate.


Expertly designed for Aquarium & Reptile Enthusiasts, this high-quality accessory provides a realistic and engaging landscape for your pets.


Its durable construction ensures longevity, making it a perfect fit for any habitat.


Dimensions: 145*66*140.


Easy to use and clean, it combines functionality with a sleek aesthetic.",145*66*140,0,,https://drive.google.com/file/d/1CJI99eSwvGaFsz2ryCLV6SMdlrQDjbOI/view?usp=drive_link,,1.77085E+12,3,PTSTLS-1225-015,Realistic 3D Partial Background ( Stone Plate,3.65,3.65,3D Partial Background ( Stone Plate,Aquarium & Reptile Enthusiasts,73
أطلال قديمة للأحواض المائية,,5.2,Aquarium Decor & Maintenance,The Aquascape Series,Black,"Upgrade your aquarium with the Aquatic Anicent Ruin.


Expertly designed for Aquarium Hobbyists, this high-quality accessory provides enrichment for your aquatic life while beautifying the tank.


Its durable construction ensures longevity, making it a perfect fit for any aquascape.


Dimensions: 119*139*91.


Easy to use and clean, it combines functionality with a sleek aesthetic.",119*139*91,0,,https://drive.google.com/file/d/1AbyNGrigJDdxufQKmeqeESaVF4hS9YY2/view?usp=drive_link,,1.77085E+12,3,PTSTLS-1225-016,Aquatic Anicent Ruin,5.2,5.2,Anicent Ruin,Aquarium Hobbyists,104
جذع شجر واقعي بفتحة لمخبأ الزواحف,,-1.125,Aquarium Decor & Maintenance,Nature Scapes,Black,"Upgrade your tank or terrarium with the Realistic Another Log With a hole Reptile hide.


Expertly designed for Aquarium & Reptile Enthusiasts, this high-quality accessory provides a realistic and engaging landscape for your pets.


Its durable construction ensures longevity, making it a perfect fit for any habitat.


Dimensions: 76*46*41 / 152*92*82.


Easy to use and clean, it combines functionality with a sleek aesthetic.",76*46*41 / 152*92*82,20,20% Discount,https://drive.google.com/file/d/1tsbkjaN3Wsh7Z4kMnyA5w3ArBoDxOiuf/view?usp=drive_link,,1.77085E+12,1,PTSTLS-1225-017,Realistic Log With a hole Reptile hide,0.9,1.125,Another Log With a hole Reptile hide,Aquarium & Reptile Enthusiasts,15
أشواك تفاعلية لخزائن الملابس لمنع القطط (6 قطع),,4.75,Pet Supplies - Cat Toys & Furniture,Feline Fun & Comfort,"Black,,Blue","Upgrade your home with the Interactive Anti-Cat Closet Spikes (*6 pieces).


Expertly designed for Cat Owners, this high-quality accessory provides hours of entertainment and comfort for your feline friend.


Its durable construction ensures longevity, making it a perfect fit for any play area.


Dimensions: 300 * 231 * 12.4.


Easy to use and clean, it combines functionality with a sleek aesthetic.",300 * 231 * 12.4,0,,https://drive.google.com/file/d/1irij4ZMC2FvNcBlZcRZQ7yAS2scftSOk/view?usp=drive_link,,1.77085E+12,2,PTSTLS-1225-018,Interactive Anti-Cat Closet Spikes (*6 pieces),4.75,4.75,Anti-Cat Closet Spikes (*6 pieces),Cat Owners,95
كهف زاوية لحوض السمك,,3.55,Aquarium Decor & Maintenance,The Aquascape Series,"Black,White,,","Upgrade your aquarium with the Aquatic Aquarium Corner Cave.


Expertly designed for Aquarium Hobbyists, this high-quality accessory provides enrichment for your aquatic life while beautifying the tank.


Its durable construction ensures longevity, making it a perfect fit for any aquascape.


Dimensions: 155*155*49.


Easy to use and clean, it combines functionality with a sleek aesthetic.",155*155*49,0,,https://drive.google.com/file/d/1SiNaLCKlX9BZzuF3jW10LZ9WM7P7xEZ2/view?usp=drive_link,,1.77085E+12,2,PTSTLS-1225-019,Aquatic Aquarium Corner Cave,3.55,3.55,Aquarium Corner Cave,Aquarium Hobbyists,71
فاصل حوض سمك (لحوض 20 جالون طويل),,11.16,Aquarium Decor & Maintenance,The Aquascape Series,"Black,White,,","Upgrade your aquarium with the Aquatic Aquarium Divider for 20gallon long fish tank.


Expertly designed for Aquarium Hobbyists, this high-quality accessory provides enrichment for your aquatic life while beautifying the tank.


Its durable construction ensures longevity, making it a perfect fit for any aquascape.


Dimensions: 7.6 * 280 * 299.


Easy to use and clean, it combines functionality with a sleek aesthetic.",7.6 * 280 * 299,0,,https://drive.google.com/file/d/1h2-CKn_x9V-qGGNRhQ1O7uV0bal7TZ38/view?usp=drive_link,,1.77085E+12,3,PTSTLS-1225-020,Aquatic Aquarium Divider for 20gallon long fish tank,11.16,11.16,Aquarium Divider for 20gallon long fish tank,Aquarium Hobbyists,279
مغذي أسماك عائم للحوض,,-0.975,Aquarium Decor & Maintenance,The Aquascape Series,Black,"Upgrade your aquarium with the Aquatic Aquarium floating fish feeder.


Expertly designed for Aquarium Hobbyists, this high-quality accessory provides enrichment for your aquatic life while beautifying the tank.


Its durable construction ensures longevity, making it a perfect fit for any aquascape.


Dimensions: 70*70*50.


Easy to use and clean, it combines functionality with a sleek aesthetic.",70*70*50,20,20% Discount,https://drive.google.com/file/d/1iZWxZNJZf0pSfpD6xEOk-n-5jASAt_5_/view?usp=drive_link,,1.77085E+12,3,PTSTLS-1225-021,Aquatic Aquarium floating fish feeder,0.78,0.975,Aquarium floating fish feeder,Aquarium Hobbyists,13
مخبأ للروبيان في حوض السمك,,4.6,Aquarium Decor & Maintenance,The Aquascape Series,"Black,White,,","Upgrade your aquarium with the Aquatic Aquarium hiding place for shrimp.


Expertly designed for Aquarium Hobbyists, this high-quality accessory provides enrichment for your aquatic life while beautifying the tank.


Its durable construction ensures longevity, making it a perfect fit for any aquascape.


Dimensions: 151.3 * 46.5 * 64.3.


Easy to use and clean, it combines functionality with a sleek aesthetic.",151.3 * 46.5 * 64.3,0,,https://drive.google.com/file/d/1y_c0aujRqcPs1l1X_8fWE08TthGVsdHS/view?usp=drive_link,,1.77085E+12,3,PTSTLS-1225-022,Aquatic Aquarium hiding place for shrimp,4.6,4.6,Aquarium hiding place for shrimp,Aquarium Hobbyists,92
مشبك خرطوم حوض السمك (قابل للطباعة بالكامل),,-2.36,Aquarium Decor & Maintenance,The Aquascape Series,"Black,White,,","Upgrade your aquarium with the Aquatic Aquarium Hose Clamp (Fully Printable).


Expertly designed for Aquarium Hobbyists, this high-quality accessory provides enrichment for your aquatic life while beautifying the tank.


Its durable construction ensures longevity, making it a perfect fit for any aquascape.


Dimensions: 55 * 70.6 * 96.


Easy to use and clean, it combines functionality with a sleek aesthetic.",55 * 70.6 * 96,16.66666667,16.67% Discount,https://drive.google.com/file/d/15ahxJ8mTzFkv_JEdg0fSnyaiTV-o3RjR/view?usp=drive_link,,1.77085E+12,2,PTSTLS-1225-023,Aquatic Aquarium Hose Clamp (Fully Printable),2.95,3.54,Aquarium Hose Clamp (Fully Printable),Aquarium Hobbyists,59
برج طحالب الجافا للحوض,,-2.175,Aquarium Decor & Maintenance,The Aquascape Series,Black,"Upgrade your aquarium with the Aquatic Aquarium java moss tower.


Expertly designed for Aquarium Hobbyists, this high-quality accessory provides enrichment for your aquatic life while beautifying the tank.


Its durable construction ensures longevity, making it a perfect fit for any aquascape.


Dimensions: 40*40*160.


Easy to use and clean, it combines functionality with a sleek aesthetic.",40*40*160,20,20% Discount,https://drive.google.com/file/d/1MrU-tVUU-yUHrci6SHxnZCW7Ol0nj6EF/view?usp=drive_link,,1.77085E+12,2,PTSTLS-1225-024,Aquatic Aquarium java moss tower,1.74,2.175,Aquarium java moss tower,Aquarium Hobbyists,29
كهف مراقبة لحوض السمك,,4.3,Aquarium Decor & Maintenance,The Aquascape Series,Black,"Upgrade your aquarium with the Aquatic Aquarium observation cave.


Expertly designed for Aquarium Hobbyists, this high-quality accessory provides enrichment for your aquatic life while beautifying the tank.


Its durable construction ensures longevity, making it a perfect fit for any aquascape.


Dimensions: 150*80*70.


Easy to use and clean, it combines functionality with a sleek aesthetic.",150*80*70,0,,https://drive.google.com/file/d/1cmZRD1ajej6ENX59-GHDNJQc0cFZy8gj/view?usp=drive_link,,1.77085E+12,2,PTSTLS-1225-025,Aquatic Aquarium observation cave,4.3,4.3,Aquarium observation cave,Aquarium Hobbyists,86
أصيص نباتات لحوض السمك,,-0.825,Aquarium Decor & Maintenance,The Aquascape Series,"Black,White,,","Upgrade your aquarium with the Aquatic Aquarium planter.


Expertly designed for Aquarium Hobbyists, this high-quality accessory provides enrichment for your aquatic life while beautifying the tank.


Its durable construction ensures longevity, making it a perfect fit for any aquascape.


Dimensions: 40*40*40.


Easy to use and clean, it combines functionality with a sleek aesthetic.",40*40*40,20,20% Discount,https://drive.google.com/file/d/1Shobmh1cKrvnqkUgSDuhOBae_xuJfsm_/view?usp=drive_link,,1.77085E+12,3,PTSTLS-1225-026,Aquatic Aquarium planter,0.66,0.825,Aquarium planter,Aquarium Hobbyists,11
ديكور صخور لحوض السمك,,-1.52,Aquarium Decor & Maintenance,The Aquascape Series,Black,"Upgrade your aquarium with the Aquatic Aquarium Rock Decor.


Expertly designed for Aquarium Hobbyists, this high-quality accessory provides enrichment for your aquatic life while beautifying the tank.


Its durable construction ensures longevity, making it a perfect fit for any aquascape.


Dimensions: 93*91*67.


Easy to use and clean, it combines functionality with a sleek aesthetic.",93*91*67,16.66666667,16.67% Discount,https://drive.google.com/file/d/12QLeSb7OCkdZh-Lb7OfcoYV51wAX7tHr/view?usp=drive_link,,1.77085E+12,2,PTSTLS-1225-027,Aquatic Aquarium Rock Decor,1.9,2.28,Aquarium Rock Decor,Aquarium Hobbyists,38
مغرفة حوض السمك,,-2.025,Aquarium Decor & Maintenance,The Aquascape Series,Black,"Upgrade your aquarium with the Aquatic Aquarium Scoop.


Expertly designed for Aquarium Hobbyists, this high-quality accessory provides enrichment for your aquatic life while beautifying the tank.


Its durable construction ensures longevity, making it a perfect fit for any aquascape.


Dimensions: 75*60*431.


Easy to use and clean, it combines functionality with a sleek aesthetic.",75*60*431,20,20% Discount,https://drive.google.com/file/d/1-e4SVGAkiM4TFO9zA4HI2xEek9qh_A0x/view?usp=drive_link,,1.77085E+12,2,PTSTLS-1225-028,Aquatic Aquarium Scoop,1.62,2.025,Aquarium Scoop,Aquarium Hobbyists,27
نفق للروبيان في حوض السمك,,-2.28,Aquarium Decor & Maintenance,The Aquascape Series,"White,,","Upgrade your aquarium with the Aquatic Aquarium Shrimp Tunnel.


Expertly designed for Aquarium Hobbyists, this high-quality accessory provides enrichment for your aquatic life while beautifying the tank.


Its durable construction ensures longevity, making it a perfect fit for any aquascape.


Dimensions: 200*40*60.


Easy to use and clean, it combines functionality with a sleek aesthetic.",200*40*60,16.66666667,16.67% Discount,https://drive.google.com/file/d/1u5bgamXBvMQMc2LWrfOoJDUCeZJCiDpU/view?usp=drive_link,,1.77085E+12,2,PTSTLS-1225-029,Aquatic Aquarium Shrimp Tunnel,2.85,3.42,Aquarium Shrimp Tunnel,Aquarium Hobbyists,57
قلعة صخرية وعرة للتراريوم/الأحواض,,4.25,Aquarium Decor & Maintenance,The Aquascape Series,"Black,White,,","Upgrade your aquarium with the Aquatic Aquarium Terrarium Craggy Rock Castl.


Expertly designed for Aquarium Hobbyists, this high-quality accessory provides enrichment for your aquatic life while beautifying the tank.


Its durable construction ensures longevity, making it a perfect fit for any aquascape.


Dimensions: 130*118*138.


Easy to use and clean, it combines functionality with a sleek aesthetic.",130*118*138,0,,https://drive.google.com/file/d/1e8sYXGsmUDo2OYCl6O-0X5hqpGSvxiho/view?usp=drive_link,,1.77085E+12,3,PTSTLS-1225-030,Aquatic Aquarium Terrarium Craggy Rock Castl,4.25,4.25,Aquarium Terrarium Craggy Rock Castl,Aquarium Hobbyists,85
برج حوض سمك,,3.25,Aquarium Decor & Maintenance,The Aquascape Series,Black,"Upgrade your aquarium with the Aquatic Aquarium Tower.


Expertly designed for Aquarium Hobbyists, this high-quality accessory provides enrichment for your aquatic life while beautifying the tank.


Its durable construction ensures longevity, making it a perfect fit for any aquascape.


Dimensions: 120*60*206.


Easy to use and clean, it combines functionality with a sleek aesthetic.",120*60*206,0,,https://drive.google.com/file/d/1S8T37YnpYPqGEeuGxNuGL_jymhysq0l8/view?usp=drive_link,,1.77085E+12,2,PTSTLS-1225-031,Aquatic Aquarium Tower,3.25,3.25,Aquarium Tower,Aquarium Hobbyists,65
نفق حوض سمك,,4.8,Aquarium Decor & Maintenance,The Aquascape Series,"White,,","Upgrade your aquarium with the Aquatic Aquarium Tunnel.


Expertly designed for Aquarium Hobbyists, this high-quality accessory provides enrichment for your aquatic life while beautifying the tank.


Its durable construction ensures longevity, making it a perfect fit for any aquascape.


Dimensions: 177*50*82.


Easy to use and clean, it combines functionality with a sleek aesthetic.",177*50*82,0,,https://drive.google.com/file/d/1ppJELxbGW6zkIQWZDyNasaxLi4F89Tbr/view?usp=drive_link,,1.77085E+12,1,PTSTLS-1225-032,Aquatic Aquarium Tunnel,4.8,4.8,Aquarium Tunnel,Aquarium Hobbyists,96
تراريوم مائي طبيعي للسلاحف,,9.8,Aquarium Decor & Maintenance,Reptile Realms,Black,"Upgrade your terrarium or tank with the Naturalistic Aquatic Turtle Terrarium.


Expertly designed for Reptile Keepers & Turtle Owners, this high-quality accessory provides a naturalistic environment for rest and exploration.


Its durable construction ensures longevity, making it a perfect fit for any habitat.


Dimensions: 196*180*103.


Easy to use and clean, it combines functionality with a sleek aesthetic.",196*180*103,0,,https://drive.google.com/file/d/1MiNjlm1TQt6s1NsJd41cpasZjX5J-5XR/view?usp=drive_link,,1.77085E+12,2,PTSTLS-1225-033,Naturalistic Aquatic Turtle Terrarium,9.8,9.8,Aquatic Turtle Terrarium,Reptile Keepers & Turtle Owners,245
قناع باتمان التفاعلي للقطط,,-2.08,Pet Supplies - Cat Toys & Furniture,Feline Fun & Comfort,"Black,White,,","Upgrade your home with the Interactive Batman Cat Mask.


Expertly designed for Cat Owners, this high-quality accessory provides hours of entertainment and comfort for your feline friend.


Its durable construction ensures longevity, making it a perfect fit for any play area.


Dimensions: 97.7 * 135 * 57.


Easy to use and clean, it combines functionality with a sleek aesthetic.",97.7 * 135 * 57,16.66666667,16.67% Discount,https://drive.google.com/file/d/1LBnHXCUBR1f5DggLAD4T_Fz3GmvpY3Ld/view?usp=drive_link,,1.77085E+12,2,PTSTLS-1225-034,Interactive Batman Cat Mask,2.6,3.12,Batman Cat Mask,Cat Owners,52
بيت طيور,,22.68,Pet Supplies - Bird Feeders & Toys,Avian Adventures,"Black,White,,Blue","Upgrade your garden or cage with the Avian Bird house.


Expertly designed for Bird Watchers & Owners, this high-quality accessory provides a stimulating and safe environment for birds.


Its durable construction ensures longevity, making it a perfect fit for any outdoor or indoor space.


Dimensions: 175.2 * 240 * 150.


Easy to use and clean, it combines functionality with a sleek aesthetic.",175.2 * 240 * 150,0,,https://drive.google.com/file/d/15dCzL_ZY9oVC-4a0__lw7N3VLix1ZpIO/view?usp=drive_link,,1.77085E+12,2,PTSTLS-1225-035,Avian Bird house,22.68,22.68,Bird house,Bird Watchers & Owners,567
بيت طيور - ForNature,,9.2,Pet Supplies - Bird Feeders & Toys,Avian Adventures,White,"Upgrade your garden or cage with the Avian Bird House - PrintForNature.


Expertly designed for Bird Watchers & Owners, this high-quality accessory provides a stimulating and safe environment for birds.


Its durable construction ensures longevity, making it a perfect fit for any outdoor or indoor space.


Dimensions: 137*250*185.


Easy to use and clean, it combines functionality with a sleek aesthetic.",137*250*185,0,,https://drive.google.com/file/d/1pROwCDPo0jjM_WqnSQoVtvRGvPBBYXsp/view?usp=drive_link,,1.77085E+12,2,PTSTLS-1225-036,Avian Bird House - ForNature,9.2,9.2,Bird House - PrintForNature,Bird Watchers & Owners,230
سلم وتسلق للببغاوات والطيور,,-0.675,Pet Supplies - Bird Feeders & Toys,Avian Adventures,"Black,White,,Blue","Upgrade your garden or cage with the Avian Bird Parrot Ladder Stairs.


Expertly designed for Bird Watchers & Owners, this high-quality accessory provides a stimulating and safe environment for birds.


Its durable construction ensures longevity, making it a perfect fit for any outdoor or indoor space.


Dimensions: 5.1 * 35 * 136.4.


Easy to use and clean, it combines functionality with a sleek aesthetic.",5.1 * 35 * 136.4,20,20% Discount,https://drive.google.com/file/d/1mtntKUdf1Y10KbS_wYoEOPXBpGi067Pu/view?usp=drive_link,,1.77085E+12,2,PTSTLS-1225-037,Avian Bird Parrot Ladder Stairs,0.54,0.675,Bird Parrot Ladder Stairs,Bird Watchers & Owners,9
حوض استحمام لقفص الطيور (موديل مونتانا),,7.12,Pet Supplies - Bird Feeders & Toys,Avian Adventures,"Black,White,,","Upgrade your garden or cage with the Avian Birdbath for birdcage _montana_.


Expertly designed for Bird Watchers & Owners, this high-quality accessory provides a stimulating and safe environment for birds.


Its durable construction ensures longevity, making it a perfect fit for any outdoor or indoor space.


Dimensions: 210*210*40.


Easy to use and clean, it combines functionality with a sleek aesthetic.",210*210*40,0,,https://drive.google.com/file/d/1ysk4uPknLre-1vBSJOXe7ujN8Hhug8vD/view?usp=drive_link,,1.77085E+12,1,PTSTLS-1225-038,Avian Birdbath for birdcage _montana,7.12,7.12,Birdbath for birdcage _montana_,Bird Watchers & Owners,178
حكاكة صبار تفاعلية للقطط,,3.8,Pet Supplies - Cat Toys & Furniture,Feline Fun & Comfort,"Black,White,,","Upgrade your home with the Interactive Cactus Cat Self Scratcher.


Expertly designed for Cat Owners, this high-quality accessory provides hours of entertainment and comfort for your feline friend.


Its durable construction ensures longevity, making it a perfect fit for any play area.


Dimensions: 45*91*107.


Easy to use and clean, it combines functionality with a sleek aesthetic.",45*91*107,0,,https://drive.google.com/file/d/1rzBPXszKjIPUwIvWoHmtcYqhvxK5Sc8U/view?usp=drive_link,,1.77085E+12,2,PTSTLS-1225-039,Interactive Cactus Cat Self Scratcher,3.8,3.8,Cactus Cat Self Scratcher,Cat Owners,76
قاطع كرتون تفاعلي 5 سم - لخدش القطط,,-2.4,Pet Supplies - Cat Toys & Furniture,Feline Fun & Comfort,"Black,White,,","Upgrade your home with the Interactive Cardboard cutter 5cm-2inch - cat sc.


Expertly designed for Cat Owners, this high-quality accessory provides hours of entertainment and comfort for your feline friend.


Its durable construction ensures longevity, making it a perfect fit for any play area.


Dimensions: 80*60*50.


Easy to use and clean, it combines functionality with a sleek aesthetic.",80*60*50,20,20% Discount,https://drive.google.com/file/d/10veVaHsdwraA1ATyCEwnuVsnm8KX7QJc/view?usp=drive_link,,1.77085E+12,3,PTSTLS-1225-040,Interactive Cardboard cutter 5cm-2inch - cat sc,1.92,2.4,Cardboard cutter 5cm-2inch - cat sc,Cat Owners,32
بساط طارد للقطط والكلاب,,-2.1,Pet Supplies - Cat Toys & Furniture,Feline Fun & Comfort,"Black,White,,Blue","Upgrade your home with the Interactive Cat (or dog) repellent Mat.


Expertly designed for Cat Owners, this high-quality accessory provides hours of entertainment and comfort for your feline friend.


Its durable construction ensures longevity, making it a perfect fit for any play area.


Dimensions: 195*200*21.


Easy to use and clean, it combines functionality with a sleek aesthetic.",195*200*21,20,20% Discount,https://drive.google.com/file/d/1qU5cLgDUvwLn1Hw_ClvDpJUepCHQb5as/view?usp=drive_link,,1.77085E+12,2,PTSTLS-1225-041,Interactive Cat (or dog) repellent Mat,1.68,2.1,Cat (or dog) repellent Mat,Cat Owners,28
أجنحة خفاش تفاعلية للقطط,,-1.96,Pet Supplies - Cat Toys & Furniture,Feline Fun & Comfort,"Black,","Upgrade your home with the Interactive Cat Bat Wings.


Expertly designed for Cat Owners, this high-quality accessory provides hours of entertainment and comfort for your feline friend.


Its durable construction ensures longevity, making it a perfect fit for any play area.


Dimensions: 230 * 30 * 150.


Easy to use and clean, it combines functionality with a sleek aesthetic.",230 * 30 * 150,16.66666667,16.67% Discount,https://drive.google.com/file/d/1p-kYU8xBYVO4uC1BfN0W48pggZZcB6-F/view?usp=drive_link,,1.77085E+12,2,PTSTLS-1225-042,Interactive Cat Bat Wings,2.45,2.94,Cat Bat Wings,Cat Owners,49
حامل وعاء طعام القطط,,3.7,Pet Supplies - Cat Toys & Furniture,Feline Fun & Comfort,"Black,","Upgrade your home with the Interactive Cat Bowl Stand.


Expertly designed for Cat Owners, this high-quality accessory provides hours of entertainment and comfort for your feline friend.


Its durable construction ensures longevity, making it a perfect fit for any play area.


Dimensions: 162*162*155.


Easy to use and clean, it combines functionality with a sleek aesthetic.",162*162*155,0,,https://drive.google.com/file/d/1Qbflc6xPFZpEQLnU5vjPmiIPMNXjC5YE/view?usp=drive_link,,1.77085E+12,3,PTSTLS-1225-043,Interactive Cat Bowl Stand,3.7,3.7,Cat Bowl Stand,Cat Owners,74
خوذة تفاعلية للقطط,,7.96,Pet Supplies - Cat Toys & Furniture,Feline Fun & Comfort,"Black,","Upgrade your home with the Interactive Cat Helmet.


Expertly designed for Cat Owners, this high-quality accessory provides hours of entertainment and comfort for your feline friend.


Its durable construction ensures longevity, making it a perfect fit for any play area.


Dimensions: 157.2 * 118 * 128.4.


Easy to use and clean, it combines functionality with a sleek aesthetic.",157.2 * 118 * 128.4,0,,https://drive.google.com/file/d/1ClgFXDLHn9-APpVUqPwUiXAbmJ7fsCGF/view?usp=drive_link,,1.77085E+12,2,PTSTLS-1225-044,Interactive Cat Helmet,7.96,7.96,Cat Helmet,Cat Owners,199
بيت قطط تفاعلي,,13.32,Pet Supplies - Cat Toys & Furniture,Feline Fun & Comfort,"Black,White,,","Upgrade your home with the Interactive cat house çŒ«çª.


Expertly designed for Cat Owners, this high-quality accessory provides hours of entertainment and comfort for your feline friend.


Its durable construction ensures longevity, making it a perfect fit for any play area.


Dimensions: 246.9 * 237.3 * 181.9.


Easy to use and clean, it combines functionality with a sleek aesthetic.",246.9 * 237.3 * 181.9,0,,https://drive.google.com/file/d/15GvCO0L3OrW8aprU0dHcXugJNWlfEI00/view?usp=drive_link,,1.77085E+12,2,PTSTLS-1225-045,Interactive cat house,13.32,13.32,cat house 猫窝,Cat Owners,333
بساط رمل القطط مع صينية,,8.6,Pet Supplies - Cat Toys & Furniture,Feline Fun & Comfort,"Black,White,,","Upgrade your home with the Interactive Cat litter mat with tray.


Expertly designed for Cat Owners, this high-quality accessory provides hours of entertainment and comfort for your feline friend.


Its durable construction ensures longevity, making it a perfect fit for any play area.


Dimensions: 175*310*23.


Easy to use and clean, it combines functionality with a sleek aesthetic.",175*310*23,0,,https://drive.google.com/file/d/12ZtXj77NhjmaHxnU21sGuXZh_cIcwJ3C/view?usp=drive_link,,1.77085E+12,2,PTSTLS-1225-046,Interactive Cat litter mat with tray,8.6,8.6,Cat litter mat with tray,Cat Owners,215
صينية رمل قطط تركيبية (موديولار),,15.24,Pet Supplies - Cat Toys & Furniture,Feline Fun & Comfort,Black,"Upgrade your home with the Interactive CAT LITTER Modular tray.


Expertly designed for Cat Owners, this high-quality accessory provides hours of entertainment and comfort for your feline friend.


Its durable construction ensures longevity, making it a perfect fit for any play area.


Dimensions: 465*465*5.


Easy to use and clean, it combines functionality with a sleek aesthetic.",465*465*5,0,,https://drive.google.com/file/d/1rOTS4EOj9117eeLox1G47gdUzVfkf-it/view?usp=drive_link,,1.77085E+12,2,PTSTLS-1225-047,Interactive CAT LITTER Modular tray,15.24,15.24,CAT LITTER Modular tray,Cat Owners,381
لعبة مكافآت وأنشطة للقطط - مستويات مختلفة,,4.5,Pet Supplies - Cat Toys & Furniture,Feline Fun & Comfort,Black,"Upgrade your home with the Interactive Cat Toy Activity Treat - Different levels.


Expertly designed for Cat Owners, this high-quality accessory provides hours of entertainment and comfort for your feline friend.


Its durable construction ensures longevity, making it a perfect fit for any play area.


Dimensions: 180 * 100 * 27.


Easy to use and clean, it combines functionality with a sleek aesthetic.",180 * 100 * 27,0,,https://drive.google.com/file/d/1haSHaj15HW_qJcW0IHh_YQC2R5Sqnnld/view?usp=drive_link,,1.77085E+12,2,PTSTLS-1225-048,Interactive Cat Toy Activity Treat - Different levels,4.5,4.5,Cat Toy Activity Treat - Different levels,Cat Owners,90
لعبة مسار كرات البينج بونج للقطط,,6.65,Pet Supplies - Cat Toys & Furniture,Feline Fun & Comfort,"Black,White,,Blue","Upgrade your home with the Interactive Cat Track Toy for Ping Pong Balls.


Expertly designed for Cat Owners, this high-quality accessory provides hours of entertainment and comfort for your feline friend.


Its durable construction ensures longevity, making it a perfect fit for any play area.


Dimensions: 190*190*53.


Easy to use and clean, it combines functionality with a sleek aesthetic.",190*190*53,0,,https://drive.google.com/file/d/10AP7fyKN7nzJx1qNPTMmeNBVn3GWLQQr/view?usp=drive_link,,1.77085E+12,2,PTSTLS-1225-049,Interactive Cat Track Toy for Ping Pong Balls,6.65,6.65,Cat Track Toy for Ping Pong Balls,Cat Owners,133
موزع مكافآت القطط التفاعلي,,-0.375,Pet Supplies - Cat Toys & Furniture,Feline Fun & Comfort,"White,,","Upgrade your home with the Interactive Cat Treat Dispenser.


Expertly designed for Cat Owners, this high-quality accessory provides hours of entertainment and comfort for your feline friend.


Its durable construction ensures longevity, making it a perfect fit for any play area.


Dimensions: 10*50*20.


Easy to use and clean, it combines functionality with a sleek aesthetic.",10*50*20,20,20% Discount,https://drive.google.com/file/d/19ESKff2rT3x1_-xbTVh8OFshMnbybMkk/view?usp=drive_link,,1.77085E+12,2,PTSTLS-1225-050,Interactive Cat Treat Dispenser,0.3,0.375,Cat Treat Dispenser,Cat Owners,5
لعبة 'لف وتناول' للقطط,,6.72,Pet Supplies - Cat Toys & Furniture,Feline Fun & Comfort,"White,,","Upgrade your home with the Interactive Cat Treat Dispenser 2.


Expertly designed for Cat Owners, this high-quality accessory provides hours of entertainment and comfort for your feline friend.


Its durable construction ensures longevity, making it a perfect fit for any play area.


Dimensions: 180*140*160.


Easy to use and clean, it combines functionality with a sleek aesthetic.",180*140*160,0,,https://drive.google.com/file/d/1u9KnR_wyDoW7cqPX9fgvnJdphcX6ckT8/view?usp=drive_link,,1.77085E+12,2,PTSTLS-1225-051,Cat  Spin & Snack,6.72,6.72,Cat Treat Dispenser 2,Cat Owners,168
ملعقة مكافآت القطط,,-1.48,Pet Supplies - Cat Toys & Furniture,Feline Fun & Comfort,"Black & White,,","Upgrade your home with the Interactive Cat Treats Spoon.


Expertly designed for Cat Owners, this high-quality accessory provides hours of entertainment and comfort for your feline friend.


Its durable construction ensures longevity, making it a perfect fit for any play area.


Dimensions: 58*209*22.


Easy to use and clean, it combines functionality with a sleek aesthetic.",58*209*22,16.66666667,16.67% Discount,https://drive.google.com/file/d/1AwsbAUa5oCm8Sw3VhXeZKteUoMhnkgXy/view?usp=drive_link,,1.77085E+12,2,PTSTLS-1225-052,Interactive Cat Treats Spoon,1.85,2.22,Cat Treats Spoon,Cat Owners,37
فازة النعناع البري التفاعلية للقطط,,-2.08,Pet Supplies - Cat Toys & Furniture,Feline Fun & Comfort,Black & White,"Upgrade your home with the Interactive catnip vase.


Expertly designed for Cat Owners, this high-quality accessory provides hours of entertainment and comfort for your feline friend.


Its durable construction ensures longevity, making it a perfect fit for any play area.


Dimensions: 130*60*33.


Easy to use and clean, it combines functionality with a sleek aesthetic.",130*60*33,16.66666667,16.67% Discount,https://drive.google.com/file/d/1VR5Xauw9EJSzMkYuoVUR40k1GnHkr6WD/view?usp=drive_link,,1.77085E+12,3,PTSTLS-1225-053,Interactive catnip vase,2.6,3.12,catnip vase,Cat Owners,52
مغذية طيور كلاسيكية,,7.05,Pet Supplies - Bird Feeders & Toys,Avian Adventures,Black,"Upgrade your garden or cage with the Avian Classic Bird Feeder.


Expertly designed for Bird Watchers & Owners, this high-quality accessory provides a stimulating and safe environment for birds.


Its durable construction ensures longevity, making it a perfect fit for any outdoor or indoor space.


Dimensions: 120*120*251.


Easy to use and clean, it combines functionality with a sleek aesthetic.",120*120*251,0,,https://drive.google.com/file/d/1C3ytNbhBDGwO0rQyWzXUPVAtbEc1sEJa/view?usp=drive_link,,1.77085E+12,4,PTSTLS-1225-054,Avian Classic Bird Feeder,7.05,7.05,Classic Bird Feeder,Bird Watchers & Owners,141
مساحة مرجانية آمنة لصغار الأسماك,,-1.05,Aquarium Decor & Maintenance,The Aquascape Series,Black & White,"Upgrade your aquarium with the Aquatic Coral Safe Space for Fish Babies, or baby.


Expertly designed for Aquarium Hobbyists, this high-quality accessory provides enrichment for your aquatic life while beautifying the tank.


Its durable construction ensures longevity, making it a perfect fit for any aquascape.


Dimensions: 112*102*108.


Easy to use and clean, it combines functionality with a sleek aesthetic.",112*102*108,20,20% Discount,https://drive.google.com/file/d/1ew6QNWLpvu7QFu5PXdR-EjZNnpGrv_XG/view?usp=drive_link,,1.77085E+12,3,PTSTLS-1225-055,"Aquatic Coral Safe Space for Fish Babies, or baby",0.84,1.05,"Coral Safe Space for Fish Babies, or baby",Aquarium Hobbyists,14
مغارة مائية للزاوية,,7.2,Aquarium Decor & Maintenance,The Aquascape Series,"Black,White","Upgrade your aquarium with the Aquatic Corner Aquatic Grotto.


Expertly designed for Aquarium Hobbyists, this high-quality accessory provides enrichment for your aquatic life while beautifying the tank.


Its durable construction ensures longevity, making it a perfect fit for any aquascape.


Dimensions: 163.4 * 158.2 * 135.5.


Easy to use and clean, it combines functionality with a sleek aesthetic.",163.4 * 158.2 * 135.5,0,,https://drive.google.com/file/d/1rMLciK6BRE5hlU6FfgZ0qnUy0rKnE2Wi/view?usp=drive_link,,1.77085E+12,3,PTSTLS-1225-056,Aquatic Corner Aquatic Grotto,7.2,7.2,Corner Aquatic Grotto,Aquarium Hobbyists,144
سرير حيوانات أليفة عملي قابل للتخصيص,,44.04,Pet Supplies - Feeding & Bedding,Pet Care Essentials,Black,"Upgrade your home with the Practical Customizable Pet Bed.


Expertly designed for Pet Owners, this high-quality accessory provides a convenient and hygienic solution for your pet.


Its durable construction ensures longevity, making it a perfect fit for any feeding station.


Dimensions: 400 * 400 * 300.


Easy to use and clean, it combines functionality with a sleek aesthetic.",400 * 400 * 300,0,,https://drive.google.com/file/d/1gbWaIkxSmRCZcYa-9qmheIwi3UACKo1b/view?usp=drive_link,,1.77085E+12,2,PTSTLS-1225-057,Practical Customizable Pet Bed,44.04,44.04,Customizable Pet Bed,Pet Owners,1101
مغرفة طحالب وعدس الماء,,-1.05,Aquarium Decor & Maintenance,The Aquascape Series,"Black,White,,Blue","Upgrade your aquarium with the Aquatic Duckweed Algae Scooper.


Expertly designed for Aquarium Hobbyists, this high-quality accessory provides enrichment for your aquatic life while beautifying the tank.


Its durable construction ensures longevity, making it a perfect fit for any aquascape.


Dimensions: 93*170*6.


Easy to use and clean, it combines functionality with a sleek aesthetic.",93*170*6,20,20% Discount,https://drive.google.com/file/d/1eY9AujQgH7vEv4Ol6e3kevGPM2eG1l9j/view?usp=drive_link,,1.77085E+12,3,PTSTLS-1225-058,Aquatic Duckweed Algae Scooper,0.84,1.05,Duckweed Algae Scooper,Aquarium Hobbyists,14
بيت طيور أنيق على شكل قطرة مطر,,7.24,Pet Supplies - Bird Feeders & Toys,Avian Adventures,White,"Upgrade your garden or cage with the Avian Elegant Raindrop Birdhouse _EASY PR.


Expertly designed for Bird Watchers & Owners, this high-quality accessory provides a stimulating and safe environment for birds.


Its durable construction ensures longevity, making it a perfect fit for any outdoor or indoor space.


Dimensions: 128*125*223.


Easy to use and clean, it combines functionality with a sleek aesthetic.",128*125*223,0,,https://drive.google.com/file/d/1OHvhGlaK2C6-MN9dIAG5vedG_Gq18xDC/view?usp=drive_link,,1.77085E+12,2,PTSTLS-1225-059,Avian Elegant Raindrop Birdhouse _EASY PR,7.24,7.24,Elegant Raindrop Birdhouse _EASY PR,Bird Watchers & Owners,181
حامل وعاء قطط مرتفع تفاعلي,,4.5,Pet Supplies - Cat Toys & Furniture,Feline Fun & Comfort,Black,"Upgrade your home with the Interactive Elevated Cat Bowl stand.


Expertly designed for Cat Owners, this high-quality accessory provides hours of entertainment and comfort for your feline friend.


Its durable construction ensures longevity, making it a perfect fit for any play area.


Dimensions: 150*149*140.


Easy to use and clean, it combines functionality with a sleek aesthetic.",150*149*140,0,,https://drive.google.com/file/d/1dRU7iGkNR4qHI5D-m_2RrO3nBM0gg7YR/view?usp=drive_link,,1.77085E+12,2,PTSTLS-1225-060,Interactive Elevated Cat Bowl stand,4.5,4.5,Elevated Cat Bowl stand,Cat Owners,90
بيت مأوى للأسماك والروبيان,,-1.425,Aquarium Decor & Maintenance,The Aquascape Series,White,"Upgrade your aquarium with the Aquatic Fish and shrimp shelter house.


Expertly designed for Aquarium Hobbyists, this high-quality accessory provides enrichment for your aquatic life while beautifying the tank.


Its durable construction ensures longevity, making it a perfect fit for any aquascape.


Dimensions: 44*44*95.


Easy to use and clean, it combines functionality with a sleek aesthetic.",44*44*95,20,20% Discount,https://drive.google.com/file/d/1fZhbgYe3l76xlih6HvtE9bNvw49PRFjM/view?usp=drive_link,,1.77085E+12,2,PTSTLS-1225-061,Aquatic Fish and shrimp shelter house,1.14,1.425,Fish and shrimp shelter house,Aquarium Hobbyists,19
مشبك نباتات حوض السمك,,-0.525,Aquarium Decor & Maintenance,The Aquascape Series,Black,"Upgrade your aquarium with the Aquatic Fish tank plant clip.


Expertly designed for Aquarium Hobbyists, this high-quality accessory provides enrichment for your aquatic life while beautifying the tank.


Its durable construction ensures longevity, making it a perfect fit for any aquascape.


Dimensions: 34 * 50 * 17.


Easy to use and clean, it combines functionality with a sleek aesthetic.",34 * 50 * 17,20,20% Discount,https://drive.google.com/file/d/1ID2EDKstuP9thm2Ps3FY6sALJm6wipot/view?usp=drive_link,,1.77085E+12,3,PTSTLS-1225-062,Aquatic Fish tank plant clip,0.42,0.525,Fish tank plant clip,Aquarium Hobbyists,7
سفينة غارقة لديكور حوض السمك,,3.95,Aquarium Decor & Maintenance,The Aquascape Series,"Black,White","Upgrade your aquarium with the Aquatic Fish Tank Sunken Ship.


Expertly designed for Aquarium Hobbyists, this high-quality accessory provides enrichment for your aquatic life while beautifying the tank.


Its durable construction ensures longevity, making it a perfect fit for any aquascape.


Dimensions: 200*71*121.


Easy to use and clean, it combines functionality with a sleek aesthetic.",200*71*121,0,,https://drive.google.com/file/d/1DZ4HiYUsXPnQ-JUU3pXYeUpnP9Q5YTjB/view?usp=drive_link,,1.77085E+12,3,PTSTLS-1225-063,Aquatic Fish Tank Sunken Ship,3.95,3.95,Fish Tank Sunken Ship,Aquarium Hobbyists,79
عازل لمواليد السلاحف في حوض السمك,,-2,Aquarium Decor & Maintenance,Reptile Realms,Black,"Upgrade your terrarium or tank with the Naturalistic Fish Tank Turtle Hatchling Isolation.


Expertly designed for Reptile Keepers & Turtle Owners, this high-quality accessory provides a naturalistic environment for rest and exploration.


Its durable construction ensures longevity, making it a perfect fit for any habitat.


Dimensions: 100*240*79.


Easy to use and clean, it combines functionality with a sleek aesthetic.",100*240*79,16.66666667,16.67% Discount,https://drive.google.com/file/d/1Ndmgh77VNsuHVZAVyE94TfJptgyDB-rV/view?usp=drive_link,,1.77085E+12,3,PTSTLS-1225-064,Naturalistic Fish Tank Turtle Hatchling Isolation,2.5,3,Fish Tank Turtle Hatchling Isolation,Reptile Keepers & Turtle Owners,50
مخبأ للأسماك والروبيان,,-1.5,Aquarium Decor & Maintenance,The Aquascape Series,"Black,White","Upgrade your aquarium with the Aquatic Fish/shrimp hide.


Expertly designed for Aquarium Hobbyists, this high-quality accessory provides enrichment for your aquatic life while beautifying the tank.


Its durable construction ensures longevity, making it a perfect fit for any aquascape.


Dimensions: 45*45*45.


Easy to use and clean, it combines functionality with a sleek aesthetic.",45*45*45,20,20% Discount,https://drive.google.com/file/d/1QBNADVBqIYvIlpnH45YZDS_91lEt34g1/view?usp=drive_link,,1.77085E+12,2,PTSTLS-1225-065,Aquatic Fish/shrimp hide,1.2,1.5,Fish/shrimp hide,Aquarium Hobbyists,20
حامل شبكة الصيد,,-0.45,Aquarium Decor & Maintenance,The Aquascape Series,Black,"Upgrade your aquarium with the Aquatic fishing net holder.


Expertly designed for Aquarium Hobbyists, this high-quality accessory provides enrichment for your aquatic life while beautifying the tank.


Its durable construction ensures longevity, making it a perfect fit for any aquascape.


Dimensions: 40 * 28.5 * 20.


Easy to use and clean, it combines functionality with a sleek aesthetic.",40 * 28.5 * 20,20,20% Discount,https://drive.google.com/file/d/1615uMmuqnwcd4uRBY0W0ua1Bzd1hsozH/view?usp=drive_link,,1.77085E+12,2,PTSTLS-1225-066,Aquatic fishing net holder,0.36,0.45,fishing net holder,Aquarium Hobbyists,6
أدوات صيد مائية,,10.28,Aquarium Decor & Maintenance,The Aquascape Series,"Black,White","Upgrade your aquarium with the Aquatic Fishingç¥žå™¨.


Expertly designed for Aquarium Hobbyists, this high-quality accessory provides enrichment for your aquatic life while beautifying the tank.


Its durable construction ensures longevity, making it a perfect fit for any aquascape.


Dimensions: 150*172*165.


Easy to use and clean, it combines functionality with a sleek aesthetic.",150*172*165,0,,https://drive.google.com/file/d/1fKc08POyjCUnwjoeq2MdfSmTEmsyTGIt/view?usp=drive_link,,1.77085E+12,2,PTSTLS-1225-067,Aquatic Fishing,10.28,10.28,Fishing神器,Aquarium Hobbyists,257
مخبأ عائم لحوض السمك,,-1.2,Aquarium Decor & Maintenance,The Aquascape Series,White,"Upgrade your aquarium with the Aquatic Floating Aquarium Hide.


Expertly designed for Aquarium Hobbyists, this high-quality accessory provides enrichment for your aquatic life while beautifying the tank.


Its durable construction ensures longevity, making it a perfect fit for any aquascape.


Dimensions: 70*70*40.


Easy to use and clean, it combines functionality with a sleek aesthetic.",70*70*40,20,20% Discount,https://drive.google.com/file/d/1sbm5PsAkIhtlfm9fPOaj9MiD2JauXW8d/view?usp=drive_link,,1.77085E+12,2,PTSTLS-1225-068,Aquatic Floating Aquarium Hide,0.96,1.2,Floating Aquarium Hide,Aquarium Hobbyists,16
لغم بحري عائم لديكور حوض السمك,,-1.5,Aquarium Decor & Maintenance,The Aquascape Series,"Black,White,,Blue","Upgrade your aquarium with the Aquatic Floating Sea Mine for Aquarium.


Expertly designed for Aquarium Hobbyists, this high-quality accessory provides enrichment for your aquatic life while beautifying the tank.


Its durable construction ensures longevity, making it a perfect fit for any aquascape.


Dimensions: 55*50*353.


Easy to use and clean, it combines functionality with a sleek aesthetic.",55*50*353,20,20% Discount,https://drive.google.com/file/d/1W7fUnrXyFh2tC5GpfFZ1SrbqOGdP5Gmk/view?usp=drive_link,,1.77085E+12,2,PTSTLS-1225-069,Aquatic Floating Sea Mine for Aquarium,1.2,1.5,Floating Sea Mine for Aquarium,Aquarium Hobbyists,20
عجلة ركض سعيدة للهامستر,,4.6,Pets - Cat Tools,Small Critter Comforts,Black,"Upgrade your cage with the Playful Hamster Happy Running Wheel Toy Roller Home.


Expertly designed for Hamster & Small Pet Owners, this high-quality accessory provides fun and exercise for your small pet.


Its durable construction ensures longevity, making it a perfect fit for any enclosure.


Dimensions: 140 * 172 * 128.


Easy to use and clean, it combines functionality with a sleek aesthetic.",140 * 172 * 128,0,,https://drive.google.com/file/d/1Ud9jK-2Cv-a8BVepKvHe7R9LJMc0Y56q/view?usp=drive_link,,1.77085E+12,1,PTSTLS-1225-070,Playful Hamster Happy Running Wheel Toy Roller Home,4.6,4.6,Hamster Happy Running Wheel Toy Roller Home,Hamster & Small Pet Owners,92
بيت هامستر ممتع,,11.48,Pets - Hamster Tools,Small Critter Comforts,White,"Upgrade your cage with the Playful Hamster House.


Expertly designed for Hamster & Small Pet Owners, this high-quality accessory provides fun and exercise for your small pet.


Its durable construction ensures longevity, making it a perfect fit for any enclosure.


Dimensions: 142*142*146.


Easy to use and clean, it combines functionality with a sleek aesthetic.",142*142*146,0,,https://drive.google.com/file/d/1Yd1oBffwYqSAeYhji1UwPwB6BJvSfyTL/view?usp=drive_link,,1.77085E+12,2,PTSTLS-1225-071,Playful Hamster House,11.48,11.48,Hamster House,Hamster & Small Pet Owners,287
عجلة هامستر ممتعة,,7.1175,Pets - Hamster Tools,Small Critter Comforts,White,"Upgrade your cage with the Playful Hamster wheel.


Expertly designed for Hamster & Small Pet Owners, this high-quality accessory provides fun and exercise for your small pet.


Its durable construction ensures longevity, making it a perfect fit for any enclosure.


Dimensions: 170*100*136.


Easy to use and clean, it combines functionality with a sleek aesthetic.",170*100*136,0,,https://drive.google.com/file/d/1tHZDB0Ya6LgnzrSBqNFyQv5kPt91cLnD/view?usp=drive_link,,1.77085E+12,1,PTSTLS-1225-073,Playful Hamster wheel,7.1175,7.1175,Hamster wheel,Hamster & Small Pet Owners,143
أذرع هالك التفاعلية للقطط,,-2.28,Pet Supplies - Cat Toys & Furniture,Feline Fun & Comfort,White,"Upgrade your home with the Interactive Hulk arms on cat.


Expertly designed for Cat Owners, this high-quality accessory provides hours of entertainment and comfort for your feline friend.


Its durable construction ensures longevity, making it a perfect fit for any play area.


Dimensions: 157*172*86.


Easy to use and clean, it combines functionality with a sleek aesthetic.",157*172*86,16.66666667,16.67% Discount,https://drive.google.com/file/d/1e9U07SmHuVQYsJmZqR_LCa1XpgpUMYHm/view?usp=drive_link,,1.77085E+12,2,PTSTLS-1225-074,Interactive Hulk arms on cat,2.85,3.42,Hulk arms on cat,Cat Owners,57
قنوات دخول مستقلة للأسماك,,-1.92,Aquarium Decor & Maintenance,The Aquascape Series,"Black,White","Upgrade your aquarium with the Aquatic Independent Entrance Channels for Fish.


Expertly designed for Aquarium Hobbyists, this high-quality accessory provides enrichment for your aquatic life while beautifying the tank.


Its durable construction ensures longevity, making it a perfect fit for any aquascape.


Dimensions: 125*125*55.


Easy to use and clean, it combines functionality with a sleek aesthetic.",125*125*55,16.66666667,16.67% Discount,https://drive.google.com/file/d/1trk_V0enaJ1aqyN5mgQzSZvqtEANfdH2/view?usp=drive_link,,1.77085E+12,2,PTSTLS-1225-075,Aquatic Independent Entrance Channels for Fish,2.4,2.88,Independent Entrance Channels for Fish,Aquarium Hobbyists,48
قلعة حشرات وظيفية,,-1.76,Aquarium Decor & Maintenance,Bug World,Black,"Upgrade your enclosure with the Functional Insect Castle.


Expertly designed for Insect Keepers, this high-quality accessory provides a safe space for your insects.


Its durable construction ensures longevity, making it a perfect fit for any habitat.


Dimensions: 90*84*91.


Easy to use and clean, it combines functionality with a sleek aesthetic.",90*84*91,16.66666667,16.67% Discount,https://drive.google.com/file/d/1Pvxra8C-duEpipBjWClcUOg_0O5ZNAOM/view?usp=drive_link,,1.77085E+12,2,PTSTLS-1225-076,Functional Insect Castle,2.2,2.64,Insect Castle,Insect Keepers,44
مغرفة رمل مدمجة وقابلة للفصل,,6.64,Pet Supplies - Cat Toys & Furniture,Feline Fun & Comfort,Black,"Upgrade your home with the Interactive Integrated detachable pet litter scoop.


Expertly designed for Cat Owners, this high-quality accessory provides hours of entertainment and comfort for your feline friend.


Its durable construction ensures longevity, making it a perfect fit for any play area.


Dimensions: 116*112*170.


Easy to use and clean, it combines functionality with a sleek aesthetic.",116*112*170,0,,https://drive.google.com/file/d/1rbsv4QHRqef9fyXvNILlUjnWo6LpusuS/view?usp=drive_link,,1.77085E+12,2,PTSTLS-1225-077,Interactive Integrated detachable pet litter scoop,6.64,6.64,Integrated detachable pet litter scoop,Cat Owners,166
موزع وجبات خفيفة تفاعلي للقطط,,10.52,Pet Supplies - Cat Toys & Furniture,Feline Fun & Comfort,"Black,Brown","Upgrade your home with the Interactive Interactive Pet Snack Dispenser_ for cat.


Expertly designed for Cat Owners, this high-quality accessory provides hours of entertainment and comfort for your feline friend.


Its durable construction ensures longevity, making it a perfect fit for any play area.


Dimensions: 200*200*205.


Easy to use and clean, it combines functionality with a sleek aesthetic.",200*200*205,0,,https://drive.google.com/file/d/1olPFdBVeRi3OGxKqSx1BDEp6aIYQ49oh/view?usp=drive_link,,1.77085E+12,2,PTSTLS-1225-079,Interactive Interactive Pet Snack Dispenser_ for cat,10.52,10.52,Interactive Pet Snack Dispenser_ for cat,Cat Owners,263
منصة تشمس للسلاحف الصغيرة,,3.15,Aquarium Decor & Maintenance,Reptile Realms,"Black,White,,Blue","Upgrade your terrarium or tank with the Naturalistic Little Turtle Basking Platform.


Expertly designed for Reptile Keepers & Turtle Owners, this high-quality accessory provides a naturalistic environment for rest and exploration.


Its durable construction ensures longevity, making it a perfect fit for any habitat.


Dimensions: 150*140*190.


Easy to use and clean, it combines functionality with a sleek aesthetic.",150*140*190,0,,https://drive.google.com/file/d/1nGe8_-UMHOX75zT_c6kEXpRQAIRJqtwZ/view?usp=drive_link,,1.77085E+12,2,PTSTLS-1225-080,Naturalistic Little Turtle Basking Platform,3.15,3.15,Little Turtle Basking Platform,Reptile Keepers & Turtle Owners,63
إطار تسلق ومنصة راحة للسلاحف الصغيرة,,-1.4,Aquarium Decor & Maintenance,Reptile Realms,"Black,White,","Upgrade your terrarium or tank with the Naturalistic Little Turtle Climbing Frame Resting Pl.


Expertly designed for Reptile Keepers & Turtle Owners, this high-quality accessory provides a naturalistic environment for rest and exploration.


Its durable construction ensures longevity, making it a perfect fit for any habitat.


Dimensions: 105*77*110.


Easy to use and clean, it combines functionality with a sleek aesthetic.",105*77*110,16.66666667,16.67% Discount,https://drive.google.com/file/d/1uApiG7nkIhxuesBhZ2tqYWfnFYKgKHT_/view?usp=drive_link,,1.77085E+12,2,PTSTLS-1225-081,Naturalistic Little Turtle Climbing Frame Resting Pl,1.75,2.1,Little Turtle Climbing Frame Resting Pl,Reptile Keepers & Turtle Owners,35
كهوف مانغروف مائية,,3.8,Aquarium Decor & Maintenance,The Aquascape Series,"White,","Upgrade your aquarium with the Aquatic Mangrove Caves.


Expertly designed for Aquarium Hobbyists, this high-quality accessory provides enrichment for your aquatic life while beautifying the tank.


Its durable construction ensures longevity, making it a perfect fit for any aquascape.


Dimensions: 130*89*160.


Easy to use and clean, it combines functionality with a sleek aesthetic.",130*89*160,0,,https://drive.google.com/file/d/1GukE1cEn_5QMRjkEF6DNWLemKY0yV_w0/view?usp=drive_link,,1.77085E+12,2,PTSTLS-1225-082,Aquatic Mangrove Caves,3.8,3.8,Mangrove Caves,Aquarium Hobbyists,76
قناع جمجمة 'ميكو' للقطط,,-1.725,Pet Supplies - Cat Toys & Furniture,Feline Fun & Comfort,Black,"Upgrade your home with the Interactive Meeko - Skull Kitty Mask.


Expertly designed for Cat Owners, this high-quality accessory provides hours of entertainment and comfort for your feline friend.


Its durable construction ensures longevity, making it a perfect fit for any play area.


Dimensions: 66*74*55 / 121*135*101 / 151*168125.


Easy to use and clean, it combines functionality with a sleek aesthetic.",66*74*55 / 121*135*101 / 151*168125,20,20% Discount,https://drive.google.com/file/d/1JfhO6q1NQM_t3FL2cDECWEVqSqOJ2Q62/view?usp=drive_link,,1.77085E+12,2,PTSTLS-1225-084,Interactive Meeko - Skull Kitty Mask,1.38,1.725,Meeko - Skull Kitty Mask,Cat Owners,24
أصيص شبكي خلية نحل مصغر واقعي,,-0.675,Aquarium Decor & Maintenance,Nature Scapes,"Black,White","Upgrade your tank or terrarium with the Realistic Mini Honeycomb Mesh Pot.


Expertly designed for Aquarium & Reptile Enthusiasts, this high-quality accessory provides a realistic and engaging landscape for your pets.


Its durable construction ensures longevity, making it a perfect fit for any habitat.


Dimensions: 46*46*40.


Easy to use and clean, it combines functionality with a sleek aesthetic.",46*46*40,20,20% Discount,https://drive.google.com/file/d/1-sk8qUwYvmYc3SFkda3Lo-Kj_PxXEnpZ/view?usp=drive_link,,1.77085E+12,3,PTSTLS-1225-085,Realistic Mini Honeycomb Mesh Pot,0.54,0.675,Mini Honeycomb Mesh Pot,Aquarium & Reptile Enthusiasts,9
مسار كرات قطط تركيبي,,8.32,Pet Supplies - Cat Toys & Furniture,Feline Fun & Comfort,"Black,","Upgrade your home with the Interactive Modular Cat ball track.


Expertly designed for Cat Owners, this high-quality accessory provides hours of entertainment and comfort for your feline friend.


Its durable construction ensures longevity, making it a perfect fit for any play area.


Dimensions: 128*128*258.


Easy to use and clean, it combines functionality with a sleek aesthetic.",128*128*258,0,,https://drive.google.com/file/d/14r4maNqauhe3mirxRQRs52CwfA-BGCd6/view?usp=drive_link,,1.77085E+12,2,PTSTLS-1225-086,Interactive Modular Cat ball track,8.32,8.32,Modular Cat ball track,Cat Owners,208
فيلا الهامستر 'سانتوريني' للتسلق واللعب,,3.35,Pets - Hamster Tools,Small Critter Comforts,"Black,,Blue","Upgrade your cage with the Playful Mouse Villa Santorini _ Climbing & Play.


Expertly designed for Hamster & Small Pet Owners, this high-quality accessory provides fun and exercise for your small pet.


Its durable construction ensures longevity, making it a perfect fit for any enclosure.


Dimensions: 100*82*61.


Easy to use and clean, it combines functionality with a sleek aesthetic.",100*82*61,0,,https://drive.google.com/file/d/1c0r4mEVemHdQWD27SdSitjKVuXd0PJDP/view?usp=drive_link,,1.77085E+12,3,PTSTLS-1225-087,Playful Mouse Villa Santorini _ Climbing & Play,3.35,3.35,Mouse Villa Santorini _ Climbing & Play,Hamster & Small Pet Owners,67
كهف جذور طبيعي للأحواض (بدون دعامات),,3.35,Aquarium Decor & Maintenance,Reptile Realms,"White,","Upgrade your terrarium or tank with the Naturalistic Natural Aquarium Terrarium Root Cave - NO Support.


Expertly designed for Reptile Keepers & Turtle Owners, this high-quality accessory provides a naturalistic environment for rest and exploration.


Its durable construction ensures longevity, making it a perfect fit for any habitat.


Dimensions: 112*108*180.


Easy to use and clean, it combines functionality with a sleek aesthetic.",112*108*180,0,,https://drive.google.com/file/d/1PPlZxFesnatoj_v8xnOWVPfU-t2oux09/view?usp=drive_link,,1.77085E+12,2,PTSTLS-1225-088,Naturalistic Natural Aquarium Terrarium Root Cave - NO Support,3.35,3.35,Natural Aquarium Terrarium Root Cave - NO Support,Reptile Keepers & Turtle Owners,67
بيت روبيان مفرغ للحوض,,-0.675,Aquarium Decor & Maintenance,The Aquascape Series,"Black,Brown","Upgrade your aquarium with the Aquatic Openwork Shrimp House Aquarium.


Expertly designed for Aquarium Hobbyists, this high-quality accessory provides enrichment for your aquatic life while beautifying the tank.


Its durable construction ensures longevity, making it a perfect fit for any aquascape.


Dimensions: 39*60*36 / 58*60*52 / 77*60*68.


Easy to use and clean, it combines functionality with a sleek aesthetic.",39*60*36 / 58*60*52 / 77*60*68,20,20% Discount,https://drive.google.com/file/d/1QyTSy6YY9-W0-SfUCfLPdid_FVcYMpli/view?usp=drive_link,,1.77085E+12,1,PTSTLS-1225-089,Aquatic Openwork Shrimp House Aquarium,0.54,0.675,Openwork Shrimp House Aquarium,Aquarium Hobbyists,9
وعاء حيوانات أليفة عملي بأذنين كبيرة جداً,,9.84,Pet Supplies - Feeding & Bedding,Pet Care Essentials,"Black,","Upgrade your home with the Practical Pet Bowl XXL ears.


Expertly designed for Pet Owners, this high-quality accessory provides a convenient and hygienic solution for your pet.


Its durable construction ensures longevity, making it a perfect fit for any feeding station.


Dimensions: 150 * 152 * 145.


Easy to use and clean, it combines functionality with a sleek aesthetic.",150 * 152 * 145,0,,https://drive.google.com/file/d/1HrYbLdR4zrWqNey-9_6sv2EcrQ0QyXDR/view?usp=drive_link,,1.77085E+12,2,PTSTLS-1225-090,Practical Pet Bowl XXL ears,9.84,9.84,Pet Bowl XXL ears,Pet Owners,246
جهاز ركض للديوك والدجاج والهامستر,,-0.28,Pets - Hamster Tools,Avian Adventures,"White,,","Upgrade your garden or cage with the Avian Pet Treadmill Rooster Chicken Hamst.


Expertly designed for Bird Watchers & Owners, this high-quality accessory provides a stimulating and safe environment for birds.


Its durable construction ensures longevity, making it a perfect fit for any outdoor or indoor space.


Dimensions: 168*187*165.


Easy to use and clean, it combines functionality with a sleek aesthetic.",168*187*165,10.51660517,10.52% Discount,https://drive.google.com/file/d/1SE6kiZLnjarOU7xfalRePvCSq_QuudaB/view?usp=drive_link,,1.77085E+12,2,PTSTLS-1225-092,Avian Pet Treadmill Rooster Chicken Hamst,4.85,5.42,Pet Treadmill Rooster Chicken Hamst,Bird Watchers & Owners,57
نافورة مياه للحيوانات الأليفة,,5.75,Pet Supplies - Feeding & Bedding,Pet Care Essentials,White,"Upgrade your home with the Practical Pet water fountain.


Expertly designed for Pet Owners, this high-quality accessory provides a convenient and hygienic solution for your pet.


Its durable construction ensures longevity, making it a perfect fit for any feeding station.


Dimensions: 91 * 170.5 * 40.


Easy to use and clean, it combines functionality with a sleek aesthetic.",91 * 170.5 * 40,0,,https://drive.google.com/file/d/1VwJ2fyeCcmpug409nyMKDn2nD-HCUt6A/view?usp=drive_link,,1.77085E+12,2,PTSTLS-1225-093,Practical Pet water fountain,5.75,5.75,Pet water fountain,Pet Owners,115
مخبأ عقدة الجذور العملي,,-2.2,Aquarium Decor & Maintenance,Pet Care Essentials,"White,,Blue","Upgrade your home with the Practical Root Knot Hideout.


Expertly designed for Pet Owners, this high-quality accessory provides a convenient and hygienic solution for your pet.


Its durable construction ensures longevity, making it a perfect fit for any feeding station.


Dimensions: 122*114*70.


Easy to use and clean, it combines functionality with a sleek aesthetic.",122*114*70,16.66666667,16.67% Discount,https://drive.google.com/file/d/1cbVUr8An6r26vKDOsSVaiLQJ9PJ-Y0e1/view?usp=drive_link,,1.77085E+12,2,PTSTLS-1225-095,Practical Root Knot Hideout,2.75,3.3,Root Knot Hideout,Pet Owners,55
كهف رملي مائي,,4.4,Aquarium Decor & Maintenance,The Aquascape Series,Black,"Upgrade your aquarium with the Aquatic Sand Cave.


Expertly designed for Aquarium Hobbyists, this high-quality accessory provides enrichment for your aquatic life while beautifying the tank.


Its durable construction ensures longevity, making it a perfect fit for any aquascape.


Dimensions: 172*171*60.


Easy to use and clean, it combines functionality with a sleek aesthetic.",172*171*60,0,,https://drive.google.com/file/d/1r_2JE2EOd-sM-vViEvW8flRh-N2NYZcM/view?usp=drive_link,,1.77085E+12,3,PTSTLS-1225-096,Aquatic Sand Cave,4.4,4.4,Sand Cave,Aquarium Hobbyists,88
لوح خدش تفاعلي للقطط,,14.96,Pet Supplies - Cat Toys & Furniture,Feline Fun & Comfort,"Black,","Upgrade your home with the Interactive Scratching board.


Expertly designed for Cat Owners, this high-quality accessory provides hours of entertainment and comfort for your feline friend.


Its durable construction ensures longevity, making it a perfect fit for any play area.


Dimensions: 200*400*66.


Easy to use and clean, it combines functionality with a sleek aesthetic.",200*400*66,0,,https://drive.google.com/file/d/1UALZ1yjq6A_sNa7LW43wsbtTHqLvJfgr/view?usp=drive_link,,1.77085E+12,2,PTSTLS-1225-097,Interactive Scratching board,14.96,14.96,Scratching board,Cat Owners,374
مخبأ على شكل صدفة,,3.1,Aquarium Decor & Maintenance,The Aquascape Series,"Black,","Upgrade your aquarium with the Aquatic Shell Hideout.


Expertly designed for Aquarium Hobbyists, this high-quality accessory provides enrichment for your aquatic life while beautifying the tank.


Its durable construction ensures longevity, making it a perfect fit for any aquascape.


Dimensions: 140*88*88.


Easy to use and clean, it combines functionality with a sleek aesthetic.",140*88*88,0,,https://drive.google.com/file/d/1RXxO2RTDI__0B1QwW6XtKR2KYsGEHCch/view?usp=drive_link,,1.77085E+12,2,PTSTLS-1225-098,Aquatic Shell Hideout,3.1,3.1,Shell Hideout,Aquarium Hobbyists,62
مأوى ألعاب (جيم) للروبيان,,-1.96,Aquarium Decor & Maintenance,The Aquascape Series,"Black,White,","Upgrade your aquarium with the Aquatic Shrimp Jungle Gym Shelter â€“ Aquariu.


Expertly designed for Aquarium Hobbyists, this high-quality accessory provides enrichment for your aquatic life while beautifying the tank.


Its durable construction ensures longevity, making it a perfect fit for any aquascape.


Dimensions: 90*90*90.


Easy to use and clean, it combines functionality with a sleek aesthetic.",90*90*90,16.66666667,16.67% Discount,https://drive.google.com/file/d/1c706qOR0R-IR2Xb5u3eeQ8gZtgk0vdVx/view?usp=drive_link,,1.77085E+12,2,PTSTLS-1225-099,Aquatic Shrimp Jungle Gym Shelter,2.45,2.94,Shrimp Jungle Gym Shelter – Aquariu,Aquarium Hobbyists,49
وعاء أكل بطيء تفاعلي للقطط والكلاب,,5.2,Pet Supplies - Cat Toys & Furniture,Feline Fun & Comfort,"Black,","Upgrade your home with the Interactive Slow Feeder Cat-Dog Bowl.


Expertly designed for Cat Owners, this high-quality accessory provides hours of entertainment and comfort for your feline friend.


Its durable construction ensures longevity, making it a perfect fit for any play area.


Dimensions: 156*156*30.


Easy to use and clean, it combines functionality with a sleek aesthetic.",156*156*30,0,,https://drive.google.com/file/d/11AmfF82WCQ1TCteyKxtJuY6KvDee_2rj/view?usp=drive_link,,1.77085E+12,2,PTSTLS-1225-101,Interactive Slow Feeder Cat-Dog Bowl,5.2,5.2,Slow Feeder Cat-Dog Bowl,Cat Owners,82
نموذج قلعة مخبأ للأسماك الصغيرة,,4.8,Aquarium Decor & Maintenance,The Aquascape Series,"Black,","Upgrade your aquarium with the Aquatic Small fish hideaway castle model, c.


Expertly designed for Aquarium Hobbyists, this high-quality accessory provides enrichment for your aquatic life while beautifying the tank.


Its durable construction ensures longevity, making it a perfect fit for any aquascape.


Dimensions: 102*108*110.


Easy to use and clean, it combines functionality with a sleek aesthetic.",102*108*110,0,,https://drive.google.com/file/d/185ckcJN7SlcQxK_QZD5T5wJLrUrbWyH1/view?usp=drive_link,,1.77085E+12,2,PTSTLS-1225-102,Aquatic Small fish hideaway castle model,4.8,4.8,"Small fish hideaway castle model, c",Aquarium Hobbyists,96
لعبة لف وخدش تفاعلية للقطط,,14.48,Pets - Hamster Tools,Small Critter Comforts,"White,","Upgrade your cage with the Playful Spin & Scratch Interactive Cat Toy.


Expertly designed for Hamster & Small Pet Owners, this high-quality accessory provides fun and exercise for your small pet.


Its durable construction ensures longevity, making it a perfect fit for any enclosure.


Dimensions: 193*205*266.


Easy to use and clean, it combines functionality with a sleek aesthetic.",193*205*266,0,,https://drive.google.com/file/d/1X1k7XDDy-VThRgJH4GcN3LarIv2bRRCT/view?usp=drive_link,,1.77085E+12,2,PTSTLS-1225-103,Playful Spin & Scratch Interactive Cat Toy,14.48,14.48,Spin & Scratch Interactive Cat Toy,Hamster & Small Pet Owners,312
لعبة قطط بزمبرك تفاعلية,,-1.8,Pet Supplies - Cat Toys & Furniture,Feline Fun & Comfort,"White,","Upgrade your home with the Interactive Spring-loaded cat toy.


Expertly designed for Cat Owners, this high-quality accessory provides hours of entertainment and comfort for your feline friend.


Its durable construction ensures longevity, making it a perfect fit for any play area.


Dimensions: 165*120*450.


Easy to use and clean, it combines functionality with a sleek aesthetic.",165*120*450,16.66666667,16.67% Discount,https://drive.google.com/file/d/1s4s9RF6AwsXcW9R1-DpfBAUmH6cIVdhz/view?usp=drive_link,,1.77085E+12,2,PTSTLS-1225-104,Interactive Spring-loaded cat toy,2.25,2.7,Spring-loaded cat toy,Cat Owners,45
خلفية حجرية واقعية 3,,4.55,Aquarium Decor & Maintenance,Nature Scapes,"Black,Brown","Upgrade your tank or terrarium with the Realistic Stone Backdrop 3.


Expertly designed for Aquarium & Reptile Enthusiasts, this high-quality accessory provides a realistic and engaging landscape for your pets.


Its durable construction ensures longevity, making it a perfect fit for any habitat.


Dimensions: 30*190*190.


Easy to use and clean, it combines functionality with a sleek aesthetic.",30*190*190,0,,https://drive.google.com/file/d/1K0TfVToxvcNCdrhlcbI4FprfCvTf6_yR/view?usp=drive_link,,1.77085E+12,2,PTSTLS-1225-105,Realistic Stone Backdrop 3,4.55,4.55,Stone Backdrop 3,Aquarium & Reptile Enthusiasts,91
جسر حجري واقعي,,3,Aquarium Decor & Maintenance,Nature Scapes,"Black,","Upgrade your tank or terrarium with the Realistic Stone Bridge.


Expertly designed for Aquarium & Reptile Enthusiasts, this high-quality accessory provides a realistic and engaging landscape for your pets.


Its durable construction ensures longevity, making it a perfect fit for any habitat.


Dimensions: 84*200*59.


Easy to use and clean, it combines functionality with a sleek aesthetic.",84*200*59,0,,https://drive.google.com/file/d/1ZIoy6VVpxEI07eR_1CvO2LbyAQ9U5NLP/view?usp=drive_link,,1.77085E+12,3,PTSTLS-1225-106,Realistic Stone Bridge,3,3,Stone Bridge,Aquarium & Reptile Enthusiasts,60
مخبأ درجات حجرية واقعي,,5.8,Aquarium Decor & Maintenance,Nature Scapes,"Black,","Upgrade your tank or terrarium with the Realistic Stone Step Hideaway.


Expertly designed for Aquarium & Reptile Enthusiasts, this high-quality accessory provides a realistic and engaging landscape for your pets.


Its durable construction ensures longevity, making it a perfect fit for any habitat.


Dimensions: 138*138*92.


Easy to use and clean, it combines functionality with a sleek aesthetic.",138*138*92,0,,https://drive.google.com/file/d/1W98XzJRIfYyQU0SE7DUQisSGtHJNtcQS/view?usp=drive_link,,1.77085E+12,6,PTSTLS-1225-107,Realistic Stone Step Hideaway,5.8,5.8,Stone Step Hideaway,Aquarium & Reptile Enthusiasts,116
ملعقة تسوية تربة الحوض,,-1.275,Aquarium Decor & Maintenance,The Aquascape Series,"Black,","Upgrade your aquarium with the Aquatic Substrate Spatula.


Expertly designed for Aquarium Hobbyists, this high-quality accessory provides enrichment for your aquatic life while beautifying the tank.


Its durable construction ensures longevity, making it a perfect fit for any aquascape.


Dimensions: 31*8*70.


Easy to use and clean, it combines functionality with a sleek aesthetic.",31*8*70,20,20% Discount,https://drive.google.com/file/d/1OolAVDLu3hEywBcYbI0uhELqOhx80GY6/view?usp=drive_link,,1.77085E+12,2,PTSTLS-1225-108,Aquatic Substrate Spatula,1.02,1.275,Substrate Spatula,Aquarium Hobbyists,17
كرة ألعاب قطط مخصصة,,-0.675,Pet Supplies - Cat Toys & Furniture,Feline Fun & Comfort,"White,,Blue","Upgrade your home with the Interactive Supportless Customizable Cat Toy Ball.


Expertly designed for Cat Owners, this high-quality accessory provides hours of entertainment and comfort for your feline friend.


Its durable construction ensures longevity, making it a perfect fit for any play area.


Dimensions: 40*40*40.


Easy to use and clean, it combines functionality with a sleek aesthetic.",40*40*40,20,20% Discount,https://drive.google.com/file/d/1aOJig47WCwXw8WwVHtFUydSxocKMe0mc/view?usp=drive_link,,1.77085E+12,2,PTSTLS-1225-109,Interactive Customized Cat Toy Ball,0.54,0.675,Supportless Customizable Cat Toy Ball,Cat Owners,9
مغذية طيور حلزونية,,9.56,Pet Supplies - Bird Feeders & Toys,Avian Adventures,"Black,White,Brown,Blue","Upgrade your garden or cage with the Avian Swirl Bird Feeder - Two Sizes.


Expertly designed for Bird Watchers & Owners, this high-quality accessory provides a stimulating and safe environment for birds.


Its durable construction ensures longevity, making it a perfect fit for any outdoor or indoor space.


Dimensions: 164*164*173.


Easy to use and clean, it combines functionality with a sleek aesthetic.",164*164*173,0,,https://drive.google.com/file/d/1BZIFmeaTG9ynCKGWyWVu7x4_ZsoPzaY9/view?usp=drive_link,,1.77085E+12,3,PTSTLS-1225-110,Avian Swirl Bird Feeder,9.56,9.56,Swirl Bird Feeder - Two Sizes,Bird Watchers & Owners,239
مجموعة صخور مغناطيسية واقعية (تيرا),,-0.675,Aquarium Decor & Maintenance,Nature Scapes,White & Blue,"Upgrade your tank or terrarium with the Realistic Terra Rocks â€“ Magnetic Rock Set.


Expertly designed for Aquarium & Reptile Enthusiasts, this high-quality accessory provides a realistic and engaging landscape for your pets.


Its durable construction ensures longevity, making it a perfect fit for any habitat.


Dimensions: 37*60*38.


Easy to use and clean, it combines functionality with a sleek aesthetic.",37*60*38,20,20% Discount,https://drive.google.com/file/d/1hj0HDclQ4rMPlk9V5erEuAkb4PUrw2Ue/view?usp=drive_link,,1.77085E+12,3,PTSTLS-1225-111,Realistic Terra Rocks Magnetic Rock Set,0.54,0.675,Terra Rocks – Magnetic Rock Set,Aquarium & Reptile Enthusiasts,9
ديكور تراريوم طبيعي,,-1.575,Aquarium Decor & Maintenance,Reptile Realms,"White,","Upgrade your terrarium or tank with the Naturalistic Terrarium Decor_ scalable & paintable.


Expertly designed for Reptile Keepers & Turtle Owners, this high-quality accessory provides a naturalistic environment for rest and exploration.


Its durable construction ensures longevity, making it a perfect fit for any habitat.


Dimensions: 97*74*45.


Easy to use and clean, it combines functionality with a sleek aesthetic.",97*74*45,20,20% Discount,https://drive.google.com/file/d/1vUf6fEfMTQg9zlZ6m5jxNawR5Ktwtq-P/view?usp=drive_link,,1.77085E+12,3,PTSTLS-1225-112,Naturalistic Terrarium Decor,1.26,1.575,Terrarium Decor_ scalable & paintable,Reptile Keepers & Turtle Owners,21
القصر السفلي _ صهريج المياه,,3.75,Aquarium Decor & Maintenance,The Aquascape Series,"Black,Brown,","Upgrade your aquarium with the Aquatic The Underground Palace_ Cistern of Va.


Expertly designed for Aquarium Hobbyists, this high-quality accessory provides enrichment for your aquatic life while beautifying the tank.


Its durable construction ensures longevity, making it a perfect fit for any aquascape.


Dimensions: 100*80*45.


Easy to use and clean, it combines functionality with a sleek aesthetic.",100*80*45,0,,https://drive.google.com/file/d/15k17ckth3pZDx0vUq0O3c4xZyvgLbwkO/view?usp=drive_link,,1.77085E+12,2,PTSTLS-1225-113,Aquatic The Underground Palace_ Cistern of Va,3.75,3.75,The Underground Palace_ Cistern of Va,Aquarium Hobbyists,75
دلفين صغير مائي,,-0.375,Aquarium Decor & Maintenance,The Aquascape Series,Blue,"Upgrade your aquarium with the Aquatic Tiny Dolphin.


Expertly designed for Aquarium Hobbyists, this high-quality accessory provides enrichment for your aquatic life while beautifying the tank.


Its durable construction ensures longevity, making it a perfect fit for any aquascape.


Dimensions: 50*27*15.


Easy to use and clean, it combines functionality with a sleek aesthetic.",50*27*15,20,20% Discount,https://drive.google.com/file/d/1rvyW9peHyUuBA-DZGr1yN_sNtg6Rapg_/view?usp=drive_link,,1.77085E+12,2,PTSTLS-1225-114,Aquatic Tiny Dolphin,0.3,0.375,Tiny Dolphin,Aquarium Hobbyists,5
مرسى طبيعي للسلاحف,,4.85,Aquarium Decor & Maintenance,Reptile Realms,"Black,","Upgrade your terrarium or tank with the Naturalistic tortoise dock.


Expertly designed for Reptile Keepers & Turtle Owners, this high-quality accessory provides a naturalistic environment for rest and exploration.


Its durable construction ensures longevity, making it a perfect fit for any habitat.


Dimensions: 80*201*100.


Easy to use and clean, it combines functionality with a sleek aesthetic.",80*201*100,0,,https://drive.google.com/file/d/1QCof46qupsRsSN1O7SLpB3EnsYmR_5so/view?usp=drive_link,,1.77085E+12,2,PTSTLS-1225-115,Naturalistic tortoise dock,4.85,4.85,tortoise dock,Reptile Keepers & Turtle Owners,97
عجلة مكافآت وألغاز للقطط,,7.45,Pet Supplies - Cat Toys & Furniture,Feline Fun & Comfort,White,"Upgrade your home with the Interactive Treat wheel cat puzzle feeder.


Expertly designed for Cat Owners, this high-quality accessory provides hours of entertainment and comfort for your feline friend.


Its durable construction ensures longevity, making it a perfect fit for any play area.


Dimensions: 168*168*23.


Easy to use and clean, it combines functionality with a sleek aesthetic.",168*168*23,0,,https://drive.google.com/file/d/1kdkPWkbeSi8tY_kJ-z53i43hmiDzZzA3/view?usp=drive_link,,1.77085E+12,2,PTSTLS-1225-117,Interactive Treat wheel cat puzzle feeder,7.45,7.45,Treat wheel cat puzzle feeder,Cat Owners,149
منصة تشمس للسلاحف الكبيرة,,3.5,Aquarium Decor & Maintenance,Reptile Realms,"White,","Upgrade your terrarium or tank with the Naturalistic Turtle Basking Platform Large Turtle.


Expertly designed for Reptile Keepers & Turtle Owners, this high-quality accessory provides a naturalistic environment for rest and exploration.


Its durable construction ensures longevity, making it a perfect fit for any habitat.


Dimensions: 108*175*57.


Easy to use and clean, it combines functionality with a sleek aesthetic.",108*175*57,0,,https://drive.google.com/file/d/1sQ2OddcfZzF-uuYHD7kKX1N531wzpCrm/view?usp=drive_link,,1.77085E+12,2,PTSTLS-1225-118,Naturalistic Turtle Basking Platform Large Turtle,3.5,3.5,Turtle Basking Platform Large Turtle,Reptile Keepers & Turtle Owners,70
جزيرة السلاحف الطبيعية,,4.65,Aquarium Decor & Maintenance,Reptile Realms,"Black, Beige","Upgrade your terrarium or tank with the Naturalistic Turtle Island.


Expertly designed for Reptile Keepers & Turtle Owners, this high-quality accessory provides a naturalistic environment for rest and exploration.


Its durable construction ensures longevity, making it a perfect fit for any habitat.


Dimensions: 237*156*100.


Easy to use and clean, it combines functionality with a sleek aesthetic.",237*156*100,0,,https://drive.google.com/file/d/1GFm93Na0C7z89kV8wUimYmct05_Ea_58/view?usp=drive_link,,1.77085E+12,2,PTSTLS-1225-119,Naturalistic Turtle Island,4.65,4.65,Turtle Island,Reptile Keepers & Turtle Owners,93
جزيرة السلاحف الطبيعية _ ب,,33.6,Aquarium Decor & Maintenance,Reptile Realms,"Black,Brown","Upgrade your terrarium or tank with the Naturalistic Turtle Island _Second_.


Expertly designed for Reptile Keepers & Turtle Owners, this high-quality accessory provides a naturalistic environment for rest and exploration.


Its durable construction ensures longevity, making it a perfect fit for any habitat.


Dimensions: 370*443*213.


Easy to use and clean, it combines functionality with a sleek aesthetic.",370*443*213,0,,https://drive.google.com/file/d/19jCxR5RdKkKRtgzxQfp5QY-Pl-kf9phM/view?usp=drive_link,,1.77085E+12,3,PTSTLS-1225-120,Naturalistic Turtle Island _B,33.6,33.6,Turtle Island _Second_,Reptile Keepers & Turtle Owners,840
كهف روبيان بتصميم فورونوي,,3.15,Aquarium Decor & Maintenance,The Aquascape Series,"White,","Upgrade your aquarium with the Aquatic Voronoi Shrimp Cave.


Expertly designed for Aquarium Hobbyists, this high-quality accessory provides enrichment for your aquatic life while beautifying the tank.


Its durable construction ensures longevity, making it a perfect fit for any aquascape.


Dimensions: 47*140*72.


Easy to use and clean, it combines functionality with a sleek aesthetic.",47*140*72,0,,https://drive.google.com/file/d/19Ypl5JX6zfrmC_siEd8hkp9YHLJeXrce/view?usp=drive_link,,1.77085E+12,2,PTSTLS-1225-121,Aquatic Voronoi Shrimp Cave,3.15,3.15,Voronoi Shrimp Cave,Aquarium Hobbyists,63
منصة تشمس للسلاحف تثبت على الجدار,,4.2,Aquarium Decor & Maintenance,Reptile Realms,"Black,White,","Upgrade your terrarium or tank with the Naturalistic Wall-mounted turtle basking platform.


Expertly designed for Reptile Keepers & Turtle Owners, this high-quality accessory provides a naturalistic environment for rest and exploration.


Its durable construction ensures longevity, making it a perfect fit for any habitat.


Dimensions: 214*167*115.


Easy to use and clean, it combines functionality with a sleek aesthetic.",214*167*115,0,,https://drive.google.com/file/d/1wlvDPYeN782lFDzo8IAHEBuWlYXu4x-f/view?usp=drive_link,,1.77085E+12,2,PTSTLS-1225-122,Naturalistic Wall-mounted turtle basking platform,4.2,4.2,Wall-mounted turtle basking platform,Reptile Keepers & Turtle Owners,84
نظارات 'شاتر' لاحتفالات رأس السنة,No,,Trending,The Party Starter Series,"Brown, White","Celebrate the arrival of the new year with these fun, retro-style shutter glasses. 


Crafted from durable, lightweight plastic, these frames feature the year prominently integrated into the classic slatted design. 


They are a static, sturdy accessory built to last through the night’s festivities. 


Comfortable to wear and perfect for group photos, these shades add an instant playful vibe to any outfit. Available in a wide variety of colors to perfectly match your specific party theme or personal style.",50*151*137,20,20% Discount,https://drive.google.com/file/d/1GWnq-ttqRsQgc5IWi5fDGriJrVaxb3Xb/view?usp=sharing,,1.77085E+12,1,TRND-1225-123,New Year's Eve Shutter Shades Glasses,0.96,1.2,Lentes Año Nuevo 2026,"Event Organizers, Photo Booth Operators, and Party Guests",16
نظارات أفق 2026,No,,Trending,The Party Starter Series,"Brown, White","Make a bold statement for the upcoming year with these ""2026"" topper glasses. 


Unlike standard designs, this accessory features the year displayed prominently on the upper rim of the frames, ensuring the date is visible in every photo. 


Made from a single piece of rigid, durable plastic, these shutter shades are built to withstand lively parties without breaking. 


They are a static, non-electronic prop designed for fun and comfort. Available in any color to match your specific event theme or branding.",140*140*72,20,20% Discount,https://drive.google.com/file/d/1_gODlsO5z_5EIKj_HMlDLuznoZbraQCW/view?usp=sharing,,1.77085E+12,1,TRND-1225-124,2026 Horizon Topper Shades Glasses,1.2,1.5,2026 glases party v2 cutted,"Event Organizers, Photo Booth Operators, and Party Guests",20
تقويم دوار بسيط مستمر,,,Office Supplies & Desk Accessories - Perpetual Calendars,The Kinetic Timepiece Collection,White,"Keep track of time with a playful twist using this Infinite Spin Manual Desktop Calendar. 


Featuring a vibrant yellow finish and a clever 3D-printed design, this perpetual calendar replaces disposable paper planners with an interactive, everlasting solution. 


Three independent rotating rings allow you to manually align the day, date, and month, turning your morning routine into a satisfying tactile ritual. 


Its compact, modern form makes it a functional conversation piece for any creative workspace or study desk.",99*83*112,16.66666667,16.67% Discount,https://drive.google.com/file/d/1wyYNLXcwvJbwy9o2sxfWbJy2nsXjCq_8/view?usp=sharing,,1.77085E+12,1,TLS-1226-01-125,Minimalist Rotating Loop Perpetual Calendar,2.25,2.7,calendar 2024,"Office Professionals, Students, Kinetic Art Lovers, and Eco-Conscious Minimalists",45
نافورة بخور (إبريق شاي طائر),,,Plants Care,The Serenity Flow Collection,"Black,White,","Elevate your relaxation ritual with this Levitating Teapot Backflow Incense Fountain. 


Featuring a glossy black finish and a surreal, gravity-defying design, this burner directs heavy incense smoke down the spout to mimic the act of pouring tea. 


The smoke pools elegantly in the cup below, creating a mesmerizing, water-like visual effect that calms the mind. 


Accented with a golden finial, it creates a tranquil atmosphere perfect for meditation corners or spa-inspired living spaces.",200*100*160,0,,https://drive.google.com/file/d/1njB5aEuBdqJG1pDqcVfXNCrKCd48ReKJ/view?usp=sharing,,1.77085E+12,1,TLS-1226-01-126,Levitating Teapot Backflow Incense Fountain,6,6,竹子茶禅逸韵香炉,"Meditation Practitioners, Tea Lovers, Spa Decorators, and Fans of Unique Aromatherapy",120
صحن صابون قطة طريف ذاتي التصريف,,,Home Decor & Organization,The Whimsical Menagerie Collection,Black,"Keep your bathroom counter clean and cute with this Whimsical Cat Self-Draining Soap Dish. 


Designed in a playful crouching pose, this adorable beige accessory holds your bar soap securely on its back while channeling excess water out through its mouth directly into the sink. 


This smart, self-draining design prevents soggy soap buildup and extends the life of your bars, adding a touch of functional charm to any powder room or kitchen.",106*210*95 / 75*150*68,16.66666667,16.67% Discount,https://drive.google.com/file/d/19JnyYIalT1kZyTIxKd7gnF5wxuE3i74w/view?usp=drive_link,,1.77085E+12,1,TLS-1226-01-127,Whimsical Cat Self-Draining Soap Dish,2.25,2.7,Cute Cat Drain Soap Dish,"Cat Lovers, Families with Children, Novelty Gift Shoppers, and Bathroom Decor Enthusiasts",45
حامل ماج سيف (فقرات مفصلية),,,Phone Accessories,The Bio-Kinetic Tech Collection,"White,","Transform your desk setup with this Articulated Vertebrae MagSafe Docking Stand. 


Featuring a bold, S-curved design reminiscent of a spinal column, this stand combines industrial aesthetics with functional stability. 


The segmented arm, accented with contrasting joints, creates a dynamic floating effect for your phone while securely housing your magnetic charger. 


With built-in cable management channels to keep wires hidden, this piece serves as both a high-tech charging station and a modern sculptural display.",100*100*200,0,,https://drive.google.com/file/d/1__SyB1QyU5FehHT2dJd56tA2l-5IM7ZT/view?usp=sharing,,1.77085E+12,1,ELCD-1226-01-128,Articulated Vertebrae MagSafe Docking Stand,3.05,3.05,Adjustable Phone Stand | MagSafe | Adjustable Lamp,"Tech Enthusiasts, Modern Workspace Designers, Gamers, and iPhone Users",61
أصيص زرع 'مشهد المطر',,,Gardening & Planters,The Modern Sanctuary Series,Black & White,"Bring the calming rhythm of nature indoors with this gravity-fed watering system. 


Designed to simulate a gentle rainfall, it hydrates your plants evenly while providing a mesmerizing and serene visual experience. 


The sleek, modern open-frame architecture allows water to drip slowly from the upper reservoir, ensuring optimal soil moisture without over-saturation. 


A concealed bottom tray catches excess water, keeping your surfaces pristine. 


This piece is the perfect fusion of functional botany and modern art.",165*100*245,0,,https://drive.google.com/file/d/1JdWTd4BHnX3D_XVq9Kq9hrPkSTydP0UJ/view?usp=drive_link,,1.77085E+12,1,TRND-1225-129,The Rainscape Planter,13.08,13.08,Modern Self-Watering Planter - Water Cascade,"Urban dwellers, wellness-focused professionals, and biophilic design enthusiasts seeking tranquility in small spaces.",327
عصا فقاعات بتصميم سيجارة واقعية,,,Toys & Games - Novelty & Gag Toys,The Playful Illusion Collection,White,"Fool your friends with this Realistic Cigarette Style Bubble Wand. 


Modeled to look just like the real thing, this slender stick is actually a fun bubble blower. 


Perfect for pranks, photoshoots, or just breaking the ice at parties, it lets you blow whimsical bubbles instead of smoke. 

Please note: This product includes the bubble wand only; the box packaging shown in the display is not included.",8*8*85,20,20% Discount,https://drive.google.com/file/d/1Ym5Jmeda62r8PY8sgrIK33Cn67gRFfHo/view?usp=sharing,,1.77085E+12,1,TYS-0126-130,Realistic Cigarette Style Bubble Wand,0.3,0.375,Bubble Cigarette with replaceable tip,"Pranksters, Social Media Content Creators, and Party Enthusiasts",5
منظم المكتب الشامل,TRUE,,Home Decor & Organization - Desk Accessories,Modern Monolith,"Grey,Black,Beige","Bring structure and style to your workspace with the Desk Totem 3-in-1. This modern, polygonal sculpture organizes essential desktop items: headphones, eyeglasses, and tissues. Its distinctive Moai-inspired design transforms clutter into a conversation piece, keeping your digital gear and wellness necessities conveniently accessible.",190*158*239,,,,FALSE,1.77085E+12,2,TLS-0126-131,Desk Totem 3-in-1,12.08,12.08,"3-in-1 Avatar Model with Headphone Stand, Glasses Stand, and Tissue Box Holder",,302
,TRUE,,Home Decor & Organization - Jewelry & Gift Displays,Romantic Keepsakes Collection,"Black, White","This exquisite personalized gift set features a stunning red heart-shaped pendant, meticulously engraved with a custom name for a unique and meaningful touch. Housed in an elegantly designed white gift box with vibrant red accents and a decorative bow, it serves as a perfect romantic keepsake. The interior includes a festive greeting card, making it an ideal choice for celebrating special milestones, anniversaries, or Valentine's Day. Show your deep affection with this charming and thoughtful token of your everlasting love.",58*56*64,,,,FALSE,,1,TRND-0226-132,Eternal Love Personalized Heart Gift Set,3.55,3.55,,Couples and Romantic Partners,
حامل مفاتيح مؤشر الحضور الذكي,TRUE,44,Home Decor & Organization - Entryway Wall Organizers,Modern Dwelling Essentials,"Black, White","Streamline your entryway with this innovative Presence Indicator Key Holder. Designed for modern living, this sleek, wall-mounted accessory features a mechanical toggle that updates your status automatically. When you hang your keys on the integrated hook, the display flips to ""IN,"" signaling your arrival. Remove them, and it instantly switches to ""NOT HOME."" Perfect for shared households, this durable 3D-printed organizer ensures you never lose your keys while keeping family members informed of your whereabouts with minimalist, functional style aesthetics.",45*38*65,,,,FALSE,1771501550360,1,TLS-0226-133,Smart Presence Indicator Key Hook,2.200,2.640,Key Holder | Rotating Sign | Key Hanger,Shared households and busy families,
عناصر عامة,FALSE,0,,,"Black, White",,-,,,,FALSE,1771674914540,1,TLS-0226-134,General Items,0.000,0.000,-,,
سجائر فقاعات صابونية مع علبة سجائر كلاسيكية وسائل الفقاعات,TRUE,53,Toys & Games - Novelty & Gag Toys,The Playful Illusion Collection,White & Red,"Fool your friends with this Realistic Cigarette Style Bubble Wand Set!

Modeled to look exactly like the real thing, these two slender sticks are actually fun bubble blowers. Perfect for pranks, photoshoots, or just breaking the ice at parties, they let you blow whimsical bubbles instead of smoke.

This Complete Kit Includes:

- 2x Realistic Cigarette Bubble Wands: Double the wands for double the fun.

- 1x Authentic-Looking Cigarette Box: Perfect for realistic display, pranks, and storing your wands.

- 1x Bottle of Bubble Liquid: Everything you need to start blowing bubbles right out of the box!",62*32*94,,,,FALSE,1771797529648,1,TYS-0226-135,Cigarette Package,3.500,3.750, Cigarette Box,"Pranksters, Social Media Content Creators, and Party Enthusiasts",
